代码,SECUCODE,名称,上榜日,解读,收盘价,涨跌幅,龙虎榜净买额,龙虎榜买入额,龙虎榜卖出额,龙虎榜成交额,市场总成交额,净买额占总成交比,成交额占总成交比,换手率,流通市值,上榜原因,上榜后1日,上榜后2日,上榜后5日,上榜后10日,_absnet,in_streak,连板数,有机构,机构买入家数,净买亿,买亿,卖亿,阶段
600397,600397.SH,江钨装备,20260623,1家机构买入，成功率50.35%,24.44,9.991,457969789.59,807797611.59,349827822.0,1157625433.59,4891686272.0,9.362206898088,23.665161034882,17.9811,24194619516.08,非ST、*ST和S证券连续三个交易日内收盘价格涨幅偏离值累计达到20%的证券,4.37806874,5.07364975,11.41571195,-14.97545008,457969789.59,True,5,True,1.0,4.5796978959,8.0779761159,3.49827822,高位(5板+)
300862,300862.SZ,蓝盾光电,20260814,买一主买，成功率24.32%,47.29,19.9949,373823224.21,692549215.61,318725991.4,1011275207.01,3494569129.0,10.697262249237,28.938480530199,51.6853,7163063921.03,日换手率达到30%的前5只证券,15.81729753,19.47557623,9.53689998,,373823224.21,True,5,False,,3.7382322420999996,6.9254921561,3.1872599139999997,高位(5板+)
002297,002297.SZ,博云新材,20260420,3家机构买入，成功率34.88%,19.46,10.0057,324008872.0,690820612.83,366811740.83,1057632353.66,5751709191.0,5.633262413666,18.388140264722,15.084,11152619777.74,连续三个交易日内，涨幅偏离值累计达到20%的证券,-2.41521069,4.2651593,5.49845838,27.18396711,324008872.0,True,6,True,3.0,3.24008872,6.908206128300001,3.6681174082999997,高位(5板+)
002081,002081.SZ,金螳螂,20260429,1家机构买入，成功率49.81%,5.36,10.0616,323381256.98,582765614.98,259384358.0,842149972.98,3850910393.0,8.397527440987,21.868854038017,11.8767,14173144431.04,连续三个交易日内，涨幅偏离值累计达到20%的证券,10.07462687,21.08208955,35.26119403,31.90298507,323381256.98,True,2,True,1.0,3.2338125698,5.8276561498,2.59384358,低位(1-2板)
601991,601991.SH,大唐发电,20260508,买一主买，成功率50.56%,5.54,9.9206,302791949.62,897797934.52,595005984.9,1492803919.42,8340515705.0,3.630374431625,17.898220832137,9.8102,68674333647.24,非ST、*ST和S证券连续三个交易日内收盘价格涨幅偏离值累计达到20%的证券,9.92779783,20.93862816,42.96028881,24.36823105,302791949.62,True,3,False,,3.0279194962,8.9779793452,5.950059849,中位(3-4板)
600726,600726.SH,华电能源,20260528,买一主买，成功率47.98%,9.21,10.0358,291453668.66,451437678.66,159984010.0,611421688.66,3198053229.0,9.11347147124,19.118558850604,3.1274,68956278476.182,非ST、*ST和S证券连续三个交易日内收盘价格涨幅偏离值累计达到20%的证券,9.98914224,3.14875136,12.81216069,-11.834962,291453668.66,True,4,False,,2.9145366866000004,4.514376786600001,1.5998401,中位(3-4板)
002827,002827.SZ,高争民爆,20260804,2家机构买入，成功率41.34%,41.87,10.0105,240260326.32,535210175.08,294949848.76,830160023.84,3479161119.0,6.905697037367,23.86092495994,21.2025,11556072896.25,连续三个交易日内，涨幅偏离值累计达到20%的证券,6.90231669,17.60210174,39.98089324,39.7181753,240260326.32,True,5,True,2.0,2.4026032632,5.3521017508,2.9494984876,高位(5板+)
001258,001258.SZ,立新能源,20260722,1家机构买入，成功率42.87%,11.01,9.99,182004133.16,438395344.4,256391211.24,694786555.64,2976489647.0,6.114724213586,23.342481850736,6.5605,10275870915.09,连续三个交易日内，涨幅偏离值累计达到20%的证券,9.99091735,18.34695731,5.44959128,22.88828338,182004133.16,True,5,True,1.0,1.8200413316,4.383953443999999,2.5639121124,高位(5板+)
002552,002552.SZ,宝鼎科技,20260806,4家机构买入，成功率10.60%,43.27,9.9898,-174958547.0,387074954.0,562033501.0,949108455.0,1945923100.0,-8.991030889145,48.774201560175,4.811,15945137315.03,连续三个交易日内，涨幅偏离值累计达到20%的证券,10.00693321,21.00762653,35.56736769,31.82343425,174958547.0,True,3,True,4.0,-1.74958547,3.87074954,5.62033501,中位(3-4板)
600726,600726.SH,华电能源,20260526,普通席位买入，成功率49.72%,7.61,9.9711,163853479.0,323148717.0,159295238.0,482443955.0,2469907050.0,6.633993736728,19.532878980203,2.7166,56988828543.35,非ST、*ST和S证券连续三个交易日内收盘价格涨幅偏离值累计达到20%的证券,9.9868594,21.02496715,21.41918528,18.92247043,163853479.0,True,2,False,,1.63853479,3.23148717,1.59295238,低位(1-2板)
001259,001259.SZ,利仁科技,20260518,普通席位买入，成功率49.17%,66.55,10.0,154132502.4,257674487.4,103541985.0,361216472.4,481086650.0,32.038407717196,75.083453760357,14.1541,3164086408.45,连续三个交易日内，涨幅偏离值累计达到20%的证券,10.00751315,21.00676183,7.10743802,12.081142,154132502.4,True,6,False,,1.541325024,2.576744874,1.03541985,高位(5板+)
600721,600721.SH,百花医药,20260812,普通席位买入，成功率51.06%,14.03,10.0392,149643072.72,320841224.51,171198151.79,492039376.3,1840794640.0,8.129264909202,26.729726695641,34.4291,5395203319.05,有价格涨跌幅限制的日换手率达到20%的前五只证券,3.34996436,-1.56806842,-2.20955096,8.05416964,149643072.72,True,7,False,,1.4964307272,3.2084122451,1.7119815179,高位(5板+)
002081,002081.SZ,金螳螂,20260428,1家机构买入，成功率49.19%,4.87,9.9323,135532721.07,303507773.3,167975052.23,471482825.53,2224345802.0,6.093149767817,21.196471569577,17.8336,12877465182.68,日涨幅偏离值达到7%的前5只证券,10.06160164,21.14989733,39.63039014,61.19096509,135532721.07,True,1,True,1.0,1.3553272106999998,3.035077733,1.6797505223,低位(1-2板)
600664,600664.SH,哈药股份,20260710,买一主买，成功率56.28%,3.37,10.1307,126481462.6,165439029.0,38957566.4,204396595.4,336874466.0,37.545577170577,60.674410211904,3.9719,8487378282.12,有价格涨跌幅限制的日收盘价格涨幅偏离值达到7%的前五只证券,10.08902077,21.06824926,58.16023739,60.23738872,126481462.6,True,1,False,,1.264814626,1.65439029,0.389575664,低位(1-2板)
600353,600353.SH,旭光电子,20260617,普通席位买入，成功率47.41%,38.19,9.9942,124035942.8,355222248.8,231186306.0,586408554.8,1256317068.0,9.872980791184,46.676795988574,3.5196,31652298162.21,非ST、*ST和S证券连续三个交易日内收盘价格涨幅偏离值累计达到20%的证券,10.00261849,21.00026185,27.6512176,10.76197958,124035942.8,True,3,False,,1.2403594279999999,3.552222488,2.31186306,中位(3-4板)
600664,600664.SH,哈药股份,20260715,买一主买，成功率46.48%,4.49,10.049,112253422.77,147476110.77,35222688.0,182698798.77,494184337.0,22.714888831048,36.969767168076,4.4293,11308109343.24,有价格涨跌幅限制的日收盘价格涨幅偏离值达到7%的前五只证券,10.02227171,18.70824053,33.18485523,19.37639198,112253422.77,True,4,False,,1.1225342276999999,1.4747611077,0.35222688,中位(3-4板)
002412,002412.SZ,汉森制药,20260825,3家机构买入，成功率37.62%,12.33,9.9911,-102295843.37,98383197.86,200679041.23,299062239.09,1236227036.0,-8.274842758737,24.191530388921,21.2659,6138428850.0,日涨幅偏离值达到7%的前5只证券,6.16382806,13.70640714,,,102295843.37,True,5,True,3.0,-1.0229584337,0.9838319786,2.0067904123,高位(5板+)
600745,600745.SH,*ST闻泰,20260601,浙江资金买入，成功率42.10%,21.7,4.9831,-94854798.04,61442884.0,156297682.04,217740566.04,734410881.0,-12.915766976497,29.648330610723,0.1827,27009342949.4,ST、*ST证券连续三个交易日内收盘价格涨幅偏离值累计达到12%的证券,5.02304147,-0.23041475,-3.640553,-15.99078341,94854798.04,True,6,False,,-0.9485479804000001,0.61442884,1.5629768203999999,高位(5板+)
600664,600664.SH,哈药股份,20260716,买一主买，成功率48.76%,4.94,10.0223,93558469.38,223971859.0,130413389.62,354385248.62,1959157065.0,4.775445065197,18.088659401078,11.7842,12441438787.44,非S证券连续三个交易日内收盘价格涨幅偏离值累计达到20%的证券,7.89473684,7.48987854,21.45748988,12.55060729,93558469.38,True,5,False,,0.9355846938,2.23971859,1.3041338962,高位(5板+)
600397,600397.SH,江钨装备,20260617,1家机构买入，成功率48.23%,18.36,10.006,86143842.87,468263476.2,382119633.33,850383109.53,3653077014.0,2.358117349836,23.278543164324,14.7259,18175663433.52,非ST、*ST和S证券连续三个交易日内收盘价格涨幅偏离值累计达到20%的证券,10.02178649,21.02396514,39.86928105,55.22875817,86143842.87,True,2,True,1.0,0.8614384287000001,4.682634762,3.8211963332999996,低位(1-2板)
002412,002412.SZ,汉森制药,20260824,1家机构买入，成功率37.00%,11.21,10.0098,84384276.42,143830884.42,59446608.0,203277492.42,633477153.0,13.320808180749,32.089159247074,7.3328,5580842450.0,连续三个交易日内，涨幅偏离值累计达到20%的证券,9.99107939,16.77074041,,,84384276.42,True,4,True,1.0,0.8438427642,1.4383088441999998,0.59446608,中位(3-4板)
002412,002412.SZ,汉森制药,20260820,买一主买，成功率31.35%,9.26,9.9762,80924230.02,115269627.02,34345397.0,149615024.02,302421473.0,26.758757973512,49.472354768935,0.8734,4610044700.0,连续三个交易日内，涨幅偏离值累计达到20%的证券,10.04319654,21.05831533,51.40388769,,80924230.02,True,2,False,,0.8092423002,1.1526962701999999,0.34345397,低位(1-2板)
600403,600403.SH,大有能源,20260602,普通席位买入，成功率49.62%,6.12,10.0719,78113722.0,94046652.0,15932930.0,109979582.0,153175912.0,50.996087426592,71.799528113794,1.0472,14631771900.24,有价格涨跌幅限制的日收盘价格涨幅偏离值达到7%的前五只证券,9.96732026,20.91503268,31.69934641,8.16993464,78113722.0,True,2,False,,0.78113722,0.94046652,0.1593293,低位(1-2板)
601991,601991.SH,大唐发电,20260512,普通席位买入，成功率54.33%,6.7,10.0164,-74214279.91,627178395.35,701392675.26,1328571070.61,6209912409.0,-1.195093827772,21.394360871894,5.511,83053797010.2,非ST、*ST和S证券连续三个交易日内收盘价格涨幅偏离值累计达到20%的证券,10.0,7.46268657,25.07462687,6.86567164,74214279.91,True,5,False,,-0.7421427990999999,6.2717839535,7.0139267526,高位(5板+)
603318,603318.SH,水发燃气,20260424,普通席位买入，成功率45.69%,11.39,10.0483,70498824.0,114250567.0,43751743.0,158002310.0,320295243.0,22.010574787088,49.330208129254,3.5154,5228817824.36,非ST、*ST和S证券连续三个交易日内收盘价格涨幅偏离值累计达到20%的证券,10.00877963,20.9833187,27.3046532,1.22914838,70498824.0,True,3,False,,0.70498824,1.14250567,0.43751743,中位(3-4板)
600721,600721.SH,百花医药,20260805,普通席位买入，成功率39.72%,8.71,9.9747,69501084.47,139171166.51,69670082.04,208841248.55,545248093.0,12.746690059492,38.302059416831,10.8226,3349409900.85,非S证券连续三个交易日内收盘价格涨幅偏离值累计达到20%的证券,9.98851894,21.01033295,61.07921929,57.52009185,69501084.47,True,2,False,,0.6950108447,1.3917116650999999,0.6967008204,低位(1-2板)
002827,002827.SZ,高争民爆,20260730,普通席位买入，成功率38.70%,31.45,10.0035,66127641.24,82423122.24,16295481.0,98718603.24,117282302.0,56.38330772191,84.171781723725,0.6022,8680164618.75,连续三个交易日内，涨幅偏离值累计达到20%的证券,10.01589825,21.01748808,56.56597774,75.19872814,66127641.24,True,2,False,,0.6612764124,0.8242312223999999,0.16295481,低位(1-2板)
600664,600664.SH,哈药股份,20260713,普通席位买入，成功率44.65%,3.71,10.089,-65199145.14,106176966.74,171376111.88,277553078.62,737706217.0,-8.838090778893,37.623795519674,7.9955,9343671639.96,有价格涨跌幅限制的日收盘价格涨幅偏离值达到7%的前五只证券,9.97304582,21.02425876,43.12668464,52.02156334,65199145.14,True,2,False,,-0.6519914514,1.0617696674,1.7137611188,低位(1-2板)
600721,600721.SH,百花医药,20260807,普通席位买入，成功率39.41%,10.54,10.0209,-63890335.98,39747302.94,103637638.92,143384941.86,628410380.0,-10.166976551215,22.817086799235,15.6205,4053132072.9,有价格涨跌幅限制的日收盘价格涨幅偏离值达到7%的前五只证券,9.96204934,20.96774194,31.02466793,25.71157495,63890335.98,True,4,False,,-0.6389033598,0.39747302939999996,1.0363763892,中位(3-4板)
603272,603272.SH,*ST联翔,20260427,上海资金买入，成功率43.17%,24.3,10.0045,62102679.0,101835774.0,39733095.0,141568869.0,345812358.0,17.958490367195,40.938059535744,5.7211,2518136100.0,非ST、*ST和S证券连续三个交易日内收盘价格涨幅偏离值累计达到20%的证券,5.02057613,10.28806584,7.40740741,34.73251029,62102679.0,True,2,False,,0.62102679,1.01835774,0.39733095,低位(1-2板)
003040,003040.SZ,楚天龙,20260826,1家机构买入，成功率28.56%,17.03,10.0129,-61847325.16,169724937.29,231572262.45,401297199.74,1769610153.0,-3.494968937376,22.677152877976,23.8013,7780159893.74,日涨幅偏离值达到7%的前5只证券,9.98238403,,,,61847325.16,True,4,True,1.0,-0.6184732516,1.6972493729,2.3157226244999998,中位(3-4板)
603318,603318.SH,水发燃气,20260422,普通席位买入，成功率49.17%,9.41,10.0585,60383096.02,138178244.04,77795148.02,215973392.06,882302601.0,6.843808003236,24.478380978954,21.0128,4319857394.84,有价格涨跌幅限制的日收盘价格涨幅偏离值达到7%的前五只证券,9.98937301,21.04144527,54.62274176,28.58660999,60383096.02,True,1,False,,0.6038309602,1.3817824403999999,0.7779514801999999,低位(1-2板)
003032,003032.SZ,传智教育,20260804,浙江资金买入，成功率44.32%,10.66,10.0103,59982795.02,186958083.0,126975287.98,313933370.98,754142897.0,7.953770466925,41.627836346246,10.4,3032573941.28,连续三个交易日内，涨幅偏离值累计达到20%的证券,10.03752345,2.72045028,10.13133208,23.26454034,59982795.02,True,7,False,,0.5998279502,1.86958083,1.2697528798,高位(5板+)
001258,001258.SZ,立新能源,20260723,2家机构买入，成功率25.77%,12.11,9.9909,-59884788.22,151803824.62,211688612.84,363492437.46,1270567170.0,-4.713232769898,28.608675404387,11.3037,11302524684.99,日涨幅偏离值达到7%的前5只证券,7.59702725,18.33195706,1.9818332,0.66061107,59884788.22,True,6,True,2.0,-0.5988478822,1.5180382462,2.1168861284,高位(5板+)
600721,600721.SH,百花医药,20260810,浙江资金买入，成功率38.12%,11.59,9.962,-58832335.88,141201057.12,200033393.0,341234450.12,1876263215.0,-3.135612072425,18.18691787975,1.3311,4456907089.65,非S证券连续三个交易日内收盘价格涨幅偏离值累计达到20%的证券,10.00862813,21.05263158,20.9663503,22.43313201,58832335.88,True,5,False,,-0.5883233588,1.4120105712,2.00033393,高位(5板+)
003040,003040.SZ,楚天龙,20260824,2家机构买入，成功率21.50%,14.07,10.0078,58001845.2,171700510.7,113698665.5,285399176.2,1098141338.0,5.281819670466,25.989293574886,11.153,6427883130.06,连续三个交易日内，涨幅偏离值累计达到20%的证券,10.02132196,21.0376688,,,58001845.2,True,2,True,2.0,0.580018452,1.7170051069999999,1.136986655,低位(1-2板)
603045,603045.SH,福达合金,20260506,普通席位买入，成功率51.56%,51.35,10.0043,57620178.86,138349396.1,80729217.24,219078613.34,925770427.0,6.224024572347,23.664464423425,6.9685,6955108709.25,非ST、*ST和S证券连续三个交易日内收盘价格涨幅偏离值累计达到20%的证券,10.0097371,21.01265823,50.16553067,30.20447907,57620178.86,True,2,False,,0.5762017886,1.3834939609999999,0.8072921724,低位(1-2板)
000017,000017.SZ,深中华A,20260826,3家机构买入，成功率37.89%,9.46,10.0,-53907839.26,86241351.6,140149190.86,226390542.46,961828274.0,-5.604725990827,23.537522089936,24.1085,4575007317.12,日涨幅偏离值达到7%的前5只证券,10.0422833,,,,53907839.26,True,5,True,3.0,-0.5390783926,0.8624135159999999,1.4014919086000002,高位(5板+)
603318,603318.SH,水发燃气,20260428,普通席位买入，成功率43.60%,13.78,9.9761,-53393521.58,214991028.97,268384550.55,483375579.52,1883937681.0,-2.834144787192,25.657726600777,30.6787,6325997332.72,有价格涨跌幅限制的日换手率达到20%的前五只证券,5.58780842,3.48330914,-14.00580552,-20.31930334,53393521.58,True,5,False,,-0.5339352158,2.1499102897,2.6838455055000003,高位(5板+)
603779,603779.SH,威龙股份,20260521,普通席位买入，成功率61.58%,14.52,10.0,52035842.35,232311700.0,180275857.65,412587557.65,2038497849.0,2.552656230446,20.239783812006,42.6298,4821841588.08,有价格涨跌幅限制的日换手率达到20%的前五只证券,-9.9862259,-4.82093664,-24.93112948,-38.98071625,52035842.35,True,7,False,,0.5203584235000001,2.323117,1.8027585765,高位(5板+)
600162,600162.SH,香江控股,20260529,普通席位买入，成功率58.75%,2.79,9.8425,51859410.04,166366852.15,114507442.11,280874294.26,1015947820.0,5.104534801797,27.646527580521,3.5139,9118942360.38,非ST、*ST和S证券连续三个交易日内收盘价格涨幅偏离值累计达到20%的证券,4.65949821,15.05376344,23.29749104,24.37275986,51859410.04,True,5,False,,0.5185941004,1.6636685215,1.1450744211,高位(5板+)
600272,600272.SH,开开实业,20260812,普通席位买入，成功率49.97%,17.27,10.0,51740459.52,147761720.31,96021260.79,243782981.1,1786993411.0,2.895391734603,13.642074984685,39.4317,2798320000.0,非S证券连续三个交易日内收盘价格涨幅偏离值累计达到20%的证券,-7.3537927,1.91082803,12.91256514,22.17718587,51740459.52,True,5,False,,0.5174045952,1.4776172031,0.9602126079000001,高位(5板+)
000609,000609.SZ,*ST中迪,20260506,普通席位买入，成功率45.60%,15.14,4.9931,-47155110.96,79759121.04,126914232.0,206673353.04,952956529.0,-4.948296121071,21.687595052932,22.1467,4406622238.08,连续三个交易日内，日均换手率与前五个交易日的日均换手率的比值达到30倍，且换手率累计达20%的证券,5.01981506,7.79392338,-5.01981506,3.03830911,47155110.96,True,9,False,,-0.4715511096,0.7975912104,1.26914232,高位(5板+)
300862,300862.SZ,蓝盾光电,20260812,买一主买，成功率31.11%,32.84,19.9854,45506388.0,58901824.0,13395436.0,72297260.0,68193574.0,66.731196696041,106.017701902528,1.3709,4974307869.88,日涨幅达到15%的前5只证券,20.00609013,44.00121803,67.78319123,,45506388.0,True,3,False,,0.45506388,0.58901824,0.13395436,中位(3-4板)
600162,600162.SH,香江控股,20260527,普通席位买入，成功率68.87%,2.31,10.0,42020678.0,88630356.4,46609678.4,135240034.8,419510522.0,10.016596913867,32.237578727525,4.7888,7550092061.82,非ST、*ST和S证券连续三个交易日内收盘价格涨幅偏离值累计达到20%的证券,9.95670996,20.77922078,45.02164502,42.42424242,42020678.0,True,3,False,,0.42020678,0.8863035640000001,0.466096784,中位(3-4板)
600721,600721.SH,百花医药,20260806,浙江资金买入，成功率40.99%,9.58,9.9885,-41800891.86,136538272.12,178339163.98,314877436.1,1188527589.0,-3.517031682468,26.493069156681,32.7208,3683966343.3,有价格涨跌幅限制的日换手率达到20%的前五只证券,10.02087683,20.98121086,51.35699374,42.58872651,41800891.86,True,3,False,,-0.4180089186,1.3653827212,1.7833916397999998,中位(3-4板)
002674,002674.SZ,兴业科技,20260624,普通席位买入，成功率63.59%,23.83,10.0185,39211166.0,66804953.49,27593787.49,94398740.98,74565888.0,52.585930445836,126.597756040939,0.7931,6971791827.16,连续三个交易日内，涨幅偏离值累计达到20%的证券,9.98741083,20.98195552,7.76332354,22.32480067,39211166.0,True,4,False,,0.39211166,0.6680495349000001,0.2759378749,中位(3-4板)
603045,603045.SH,福达合金,20260508,买一主买，成功率46.67%,62.14,10.0018,38909143.0,95874799.0,56965656.0,152840455.0,192662620.0,20.195481095399,79.330622099918,1.2311,8416561931.7,非ST、*ST和S证券连续三个交易日内收盘价格涨幅偏离值累计达到20%的证券,9.99356292,18.45831992,12.53620856,5.06919858,38909143.0,True,4,False,,0.38909143,0.95874799,0.56965656,中位(3-4板)
001259,001259.SZ,利仁科技,20260520,浙江资金买入，成功率44.33%,80.53,9.9986,38858770.63,141238982.63,102380212.0,243619194.63,763635173.0,5.088656468945,31.902563323913,20.7935,3828758504.47,日振幅值达到15%的前5只证券,9.27604619,-1.65155843,-7.11536074,-8.2965265,38858770.63,True,8,False,,0.3885877063,1.4123898262999999,1.02380212,高位(5板+)
605179,605179.SH,一鸣食品,20260729,普通席位买入，成功率43.28%,16.01,10.0344,38315836.0,57777197.0,19461361.0,77238558.0,213359042.0,17.958383971372,36.201211477131,1.3904,6420010000.0,非S证券连续三个交易日内收盘价格涨幅偏离值累计达到20%的证券,9.9937539,20.9868832,45.78388507,89.81886321,38315836.0,True,2,False,,0.38315836,0.57777197,0.19461361,低位(1-2板)
002918,002918.SZ,蒙娜丽莎,20260512,普通席位买入，成功率44.67%,14.0,9.9764,37974651.0,76376718.0,38402067.0,114778785.0,154019255.0,24.655781512513,74.522360856764,1.8785,2998682120.0,连续三个交易日内，涨幅偏离值累计达到20%的证券,10.0,21.0,19.78571429,0.14285714,37974651.0,True,3,False,,0.37974651,0.76376718,0.38402067,中位(3-4板)
600793,600793.SH,宜宾纸业,20260702,普通席位买入，成功率38.85%,14.55,9.9773,35907516.58,56981736.38,21074219.8,78055956.18,168492320.0,21.311070190024,46.326121083738,2.5094,2573953229.1,非ST、*ST和S证券连续三个交易日内收盘价格涨幅偏离值累计达到20%的证券,10.03436426,21.03092784,14.57044674,-3.57388316,35907516.58,True,2,False,,0.3590751658,0.5698173638,0.21074219800000002,低位(1-2板)
603779,603779.SH,威龙股份,20260518,普通席位买入，成功率61.33%,10.91,9.9798,35834465.91,58739889.75,22905423.84,81645313.59,89210027.0,40.16865268968,91.520332787255,1.0131,3623022846.14,非ST、*ST和S证券连续三个交易日内收盘价格涨幅偏离值累计达到20%的证券,9.9908341,20.98991751,26.67277727,-9.44087993,35834465.91,True,4,False,,0.35834465909999996,0.5873988975,0.2290542384,中位(3-4板)
600403,600403.SH,大有能源,20260604,普通席位买入，成功率40.29%,7.4,9.9554,-34501511.72,91568763.28,126070275.0,217639038.28,832057193.0,-4.146531273362,26.156740198988,1.1075,17692011774.8,非ST、*ST和S证券连续三个交易日内收盘价格涨幅偏离值累计达到20%的证券,10.0,20.94594595,8.78378378,-18.78378378,34501511.72,True,4,False,,-0.3450151172,0.9156876328,1.26070275,中位(3-4板)
603779,603779.SH,威龙股份,20260514,普通席位买入，成功率48.25%,9.02,10.0,34330510.32,43944928.32,9614418.0,53559346.32,52220368.0,65.74160932761,102.564092079933,0.5448,2995386441.08,非ST、*ST和S证券连续三个交易日内收盘价格涨幅偏离值累计达到20%的证券,9.97782705,20.95343681,60.97560976,20.84257206,34330510.32,True,2,False,,0.3433051032,0.4394492832,0.09614418,低位(1-2板)
002081,002081.SZ,金螳螂,20260430,主力做T，成功率37.52%,5.9,10.0746,-30721997.05,394980703.87,425702700.92,820683404.79,3220259781.0,-0.954022319294,25.485006198325,21.7715,15601035847.6,日振幅值达到15%的前5只证券,10.0,21.01694915,35.25423729,16.94915254,30721997.05,True,3,False,,-0.3072199705,3.9498070387,4.2570270092,中位(3-4板)
603779,603779.SH,威龙股份,20260520,买一主买，成功率40.48%,13.2,10.0,29277540.0,87297480.0,58019940.0,145317420.0,145181712.0,20.166134974355,100.09347458308,1.5364,4383492352.8,非ST、*ST和S证券连续三个交易日内收盘价格涨幅偏离值累计达到20%的证券,10.0,-0.98484848,-11.36363636,-30.90909091,29277540.0,True,6,False,,0.2927754,0.8729748,0.5801994,高位(5板+)
002879,002879.SZ,长缆科技,20260723,2家机构买入，成功率26.12%,16.41,9.9866,-28701937.9,70815060.0,99516997.9,170332057.9,869664207.0,-3.300347153416,19.585957031344,19.1667,2250451334.61,连续三个交易日内，涨幅偏离值累计达到20%的证券,9.99390615,21.023766,-1.64533821,9.68921389,28701937.9,True,3,True,2.0,-0.28701937899999996,0.7081506,0.995169979,中位(3-4板)
600793,600793.SH,宜宾纸业,20260706,买一主买，成功率54.88%,17.61,9.9938,27608448.05,80670803.05,53062355.0,133733158.05,379976639.0,7.26582774211,35.195099994029,10.4809,3115279475.22,非ST、*ST和S证券连续三个交易日内收盘价格涨幅偏离值累计达到20%的证券,9.99432141,4.54287337,-15.9568427,-28.10902896,27608448.05,True,4,False,,0.2760844805,0.8067080305,0.53062355,中位(3-4板)
002081,002081.SZ,金螳螂,20260507,1家机构买入，成功率50.21%,7.14,10.0154,26605167.3099999,714473374.03,687868206.72,1402341580.75,8061752307.0,0.330017176128,17.394997109156,16.7184,18879897618.96,连续三个交易日内，涨幅偏离值累计达到20%的证券,-4.76190476,1.54061625,11.06442577,-20.0280112,26605167.3099999,True,5,True,1.0,0.266051673099999,7.1447337402999995,6.878682067200001,高位(5板+)
003032,003032.SZ,传智教育,20260728,3家机构买入，成功率38.25%,6.62,9.9668,25949786.0,63574280.0,37624494.0,101198774.0,306103047.0,8.477467393521,33.060361532435,12.3148,1883268244.96,连续三个交易日内，涨幅偏离值累计达到20%的证券,9.96978852,20.99697885,61.02719033,77.34138973,25949786.0,True,2,True,3.0,0.25949786,0.6357428,0.37624494,低位(1-2板)
001259,001259.SZ,利仁科技,20260514,买一主买，成功率44.44%,55.0,10.0,25898000.0,50319500.0,24421500.0,74741000.0,52844935.0,49.007534970002,141.43455754085,0.8746,2614947445.0,连续三个交易日内，涨幅偏离值累计达到20%的证券,10.0,21.0,60.0,41.8,25898000.0,True,4,False,,0.25898,0.503195,0.244215,中位(3-4板)
002674,002674.SZ,兴业科技,20260622,4家机构买入，成功率40.92%,19.69,10.0,24929892.36,143620229.35,118690336.99,262310566.34,744893127.0,3.346774383649,35.21452364535,0.4514,5760578307.88,连续三个交易日内，涨幅偏离值累计达到20%的证券,10.00507872,21.02590147,60.99542915,45.14982224,24929892.36,True,2,True,4.0,0.2492989236,1.4362022934999998,1.1869033699,低位(1-2板)
002856,002856.SZ,*ST美芝,20260513,西藏自治区资金买入，成功率24.37%,16.3,5.0258,-24749665.04,37342427.0,62092092.04,99434519.04,292121976.0,-8.472373553984,34.038698629096,7.3602,2019642420.9,连续三个交易日内，涨幅偏离值累计达到12%的ST证券、*ST证券和未完成股改证券,5.03067485,10.30674847,23.43558282,28.89570552,24749665.04,True,3,False,,-0.2474966504,0.37342427,0.6209209204,中位(3-4板)
001259,001259.SZ,利仁科技,20260512,2家机构买入，成功率52.54%,45.45,9.9952,24243944.0,62597198.0,38353254.0,100950452.0,125539699.0,19.311774835465,80.41317033905,1.0842,2160897479.55,连续三个交易日内，涨幅偏离值累计达到20%的证券,10.0110011,21.01210121,61.07810781,61.51815182,24243944.0,True,2,True,2.0,0.24243944,0.62597198,0.38353254,低位(1-2板)
605179,605179.SH,一鸣食品,20260731,买一主买，成功率65.60%,19.37,9.9943,-24213774.0,34653491.0,58867265.0,93520756.0,446395333.0,-5.424289236465,20.95020917255,5.2931,7767370000.0,非S证券连续三个交易日内收盘价格涨幅偏离值累计达到20%的证券,10.01548787,11.97728446,17.91430046,64.73928756,24213774.0,True,4,False,,-0.24213774,0.34653491,0.58867265,中位(3-4板)
603779,603779.SH,威龙股份,20260513,普通席位买入，成功率43.71%,8.2,10.0671,23219653.0,32639813.0,9420160.0,42059973.0,35902593.0,64.674027861999,117.150237588689,1.3185,2723078582.8,有价格涨跌幅限制的日收盘价格涨幅偏离值达到7%的前五只证券,10.0,20.97560976,60.97560976,42.68292683,23219653.0,True,1,False,,0.23219653,0.32639813,0.0942016,低位(1-2板)
002514,002514.SZ,*ST宝馨,20260513,西藏自治区资金买入，成功率29.44%,3.38,4.9689,20651029.65,49226310.0,28575280.35,77801590.35,393790219.0,5.244170284991,19.757115996322,0.2612,1872630235.32,连续三个交易日内，涨幅偏离值累计达到12%的ST证券、*ST证券和未完成股改证券,5.0295858,10.35502959,28.10650888,42.6035503,20651029.65,True,3,False,,0.2065102965,0.4922631,0.28575280350000004,中位(3-4板)
300862,300862.SZ,蓝盾光电,20260811,普通席位买入，成功率43.33%,27.37,19.9912,20611140.18,31172506.18,10561366.0,41733872.18,37169973.0,55.451049641602,112.278457076092,0.4121,4145761461.59,连续三个交易日内，涨幅偏离值累计达到30%的证券,19.98538546,43.98976982,106.43039825,,20611140.18,True,2,False,,0.2061114018,0.3117250618,0.10561366,低位(1-2板)
002856,002856.SZ,*ST美芝,20260515,1家机构买入，成功率37.20%,17.98,5.0234,20154565.8,62401356.6,42246790.8,104648147.4,392236248.0,5.138374105598,26.679876715525,16.4249,2227801885.14,连续三个交易日内，涨幅偏离值累计达到12%的ST证券、*ST证券和未完成股改证券,2.94771969,8.12013348,0.94549499,23.80422692,20154565.8,True,5,True,1.0,0.20154565800000002,0.624013566,0.42246790799999995,高位(5板+)
603758,603758.SH,秦安股份,20260812,买一主买，成功率25.22%,13.95,10.0158,19443409.1,35567000.1,16123591.0,51690591.1,92993286.0,20.908400957033,55.585293652275,0.601,6041968883.55,非S证券连续三个交易日内收盘价格涨幅偏离值累计达到20%的证券,10.03584229,-0.93189964,-17.13261649,-9.10394265,19443409.1,True,4,False,,0.194434091,0.355670001,0.16123591,中位(3-4板)
600403,600403.SH,大有能源,20260601,买一主买，成功率51.24%,5.56,10.099,19117013.0,58969249.0,39852236.0,98821485.0,237944300.0,8.034238685272,41.531352085341,1.8439,13292916955.12,有价格涨跌幅限制的日收盘价格涨幅偏离值达到7%的前五只证券,10.07194245,21.04316547,60.97122302,17.44604317,19117013.0,True,1,False,,0.19117013,0.58969249,0.39852236,低位(1-2板)
603221,603221.SH,爱丽家居,20260729,普通席位买入，成功率69.73%,18.63,9.9764,19071076.26,27622859.26,8551783.0,36174642.26,34371545.0,55.485071328624,105.245901108024,0.4639,4513490100.0,非S证券连续三个交易日内收盘价格涨幅偏离值累计达到20%的证券,9.98389694,20.98765432,46.53784219,48.57980698,19071076.26,True,7,False,,0.19071076260000003,0.2762285926,0.08551783,高位(5板+)
603221,603221.SH,爱丽家居,20260727,普通席位买入，成功率51.67%,15.4,10.0,18536525.0,22211805.0,3675280.0,25887085.0,22211805.0,83.453483406684,116.546516593316,0.2251,3730958000.0,非S证券连续三个交易日内收盘价格涨幅偏离值累计达到20%的证券,10.0,20.97402597,60.97402597,85.91859185,18536525.0,True,5,False,,0.18536525,0.22211805,0.0367528,高位(5板+)
000609,000609.SZ,*ST中迪,20260430,普通席位买入，成功率56.23%,14.42,5.0255,18502894.0,44320018.0,25817124.0,70137142.0,88377793.0,20.936134940595,79.360594578324,1.009,4197060282.24,连续三个交易日内，涨幅偏离值累计达到12%的ST证券、*ST证券和未完成股改证券,4.99306519,10.26352288,2.14979196,7.14285714,18502894.0,True,8,False,,0.18502894,0.44320018,0.25817124,高位(5板+)
605179,605179.SH,一鸣食品,20260803,买一主买，成功率35.22%,21.31,10.0155,17986687.01,81825515.01,63838828.0,145664343.01,770646579.0,2.333973510054,18.901575245947,9.6216,8545310000.0,有价格涨跌幅限制的日价格振幅达到15%的前五只证券,1.78320038,9.52604411,17.87893008,64.7114031,17986687.01,True,5,False,,0.17986687010000002,0.8182551501,0.63838828,高位(5板+)
603137,603137.SH,恒尚节能,20260706,买一主买，成功率45.71%,18.94,9.9884,16563426.0,24147638.0,7584212.0,31731850.0,24147638.0,68.592323605315,131.407676394685,0.396,3464757345.96,非ST、*ST和S证券连续三个交易日内收盘价格涨幅偏离值累计达到20%的证券,9.97888068,20.96092925,55.38542767,37.11721225,16563426.0,True,5,False,,0.16563426,0.24147638,0.07584212,高位(5板+)
003032,003032.SZ,传智教育,20260730,1家机构买入，成功率17.19%,8.01,10.0275,15785246.28,69853222.28,54067976.0,123921198.28,274587189.0,5.748719136347,45.129999957864,8.7976,2278697680.08,连续三个交易日内，涨幅偏离值累计达到20%的证券,9.98751561,20.97378277,36.70411985,45.06866417,15785246.28,True,4,True,1.0,0.15785246279999998,0.6985322228,0.54067976,中位(3-4板)
002879,002879.SZ,长缆科技,20260727,2家机构买入，成功率28.57%,19.86,10.0277,15513076.96,124969184.4,109456107.44,234425291.84,1331835023.0,1.164789684315,17.601676468302,37.5351,2723580957.06,连续三个交易日内，涨幅偏离值累计达到20%的证券,-4.83383686,-9.71802618,-9.96978852,-7.70392749,15513076.96,True,5,True,2.0,0.1551307696,1.249691844,1.0945610744,高位(5板+)
603137,603137.SH,恒尚节能,20260708,普通席位买入，成功率38.85%,22.91,9.9856,-15273168.4,134577904.0,149851072.4,284428976.4,1085387811.0,-1.407162329005,26.205285660795,25.5365,4191002681.94,非S证券连续三个交易日内收盘价格涨幅偏离值累计达到20%的证券,9.99563509,16.76123963,55.43430816,7.68223483,15273168.4,True,7,False,,-0.152731684,1.34577904,1.498510724,高位(5板+)
002207,002207.SZ,*ST准油,20260507,西藏自治区资金买入，成功率27.06%,7.57,4.9931,-15249433.95,76289605.3,91539039.25,167828644.55,792174230.0,-1.925010101629,21.18582480902,10.472,1974346083.0,连续三个交易日内，涨幅偏离值累计达到12%的ST证券、*ST证券和未完成股改证券,5.01981506,10.30383091,27.74108322,20.60766182,15249433.95,True,3,False,,-0.1524943395,0.762896053,0.9153903925,中位(3-4板)
002207,002207.SZ,*ST准油,20260515,1家机构买入，成功率48.96%,10.15,4.9638,13682840.0,43748358.0,30065518.0,73813876.0,252054115.0,5.428532678389,29.284931928209,8.9092,2647240785.0,连续三个交易日内，涨幅偏离值累计达到12%的ST证券、*ST证券和未完成股改证券,-5.02463054,-0.2955665,-14.38423645,-12.80788177,13682840.0,True,9,True,1.0,0.1368284,0.43748358,0.30065518,高位(5板+)
603221,603221.SH,爱丽家居,20260731,普通席位买入，成功率37.42%,22.54,10.0049,-13184539.5,55417129.0,68601668.5,124018797.5,518451217.0,-2.543062696678,23.921015793469,8.2514,5460765800.0,非S证券连续三个交易日内收盘价格涨幅偏离值累计达到20%的证券,9.98225377,10.11535049,19.91882417,16.36567383,13184539.5,True,9,False,,-0.131845395,0.55417129,0.686016685,高位(5板+)
300862,300862.SZ,蓝盾光电,20260813,普通席位买入，成功率49.67%,39.41,20.0061,12702013.0,121490683.0,108788670.0,230279353.0,478351375.0,2.655372946299,48.140209276079,6.8709,5969472385.87,连续三个交易日内，涨幅偏离值累计达到30%的证券,19.99492515,38.97487947,35.49860442,,12702013.0,True,4,False,,0.12702013,1.21490683,1.0878867,中位(3-4板)
000609,000609.SZ,*ST中迪,20260427,普通席位买入，成功率75.86%,12.46,4.9705,10789325.0,17775450.0,6986125.0,24761575.0,26207675.0,41.168569894125,94.482150744009,0.1996,3626586069.12,连续三个交易日内，涨幅偏离值累计达到12%的ST证券、*ST证券和未完成股改证券,4.97592295,10.19261637,27.60834671,21.18780096,10789325.0,True,5,False,,0.10789325,0.1777545,0.06986125,高位(5板+)
600403,600403.SH,大有能源,20260608,买一主买，成功率25.73%,8.95,9.9509,-10782866.43,260452508.28,271235374.71,531687882.99,3569554224.0,-0.302078796212,14.895077917998,9.0195,21397770997.9,非ST、*ST和S证券连续三个交易日内收盘价格涨幅偏离值累计达到20%的证券,-9.94413408,-14.52513966,-27.03910615,-30.39106145,10782866.43,True,6,False,,-0.1078286643,2.6045250828,2.7123537471,高位(5板+)
603595,603595.SH,ST东尼,20260623,普通席位买入，成功率45.65%,31.94,4.9967,-10717209.0,20768545.41,31485754.41,52254299.82,99755246.0,-10.743504156162,52.382508103885,0.1056,7424207892.44,ST、*ST证券连续三个交易日内收盘价格涨幅偏离值累计达到12%的证券,5.00939261,10.26925485,4.47714465,0.7827176,10717209.0,True,3,False,,-0.10717209,0.2076854541,0.3148575441,中位(3-4板)
600272,600272.SH,开开实业,20260811,普通席位买入，成功率35.25%,15.7,10.021,-10593069.15,61900379.35,72493448.5,134393827.85,752039618.0,-1.408578603634,17.870578176109,30.2747,2547040000.0,有价格涨跌幅限制的日换手率达到20%的前五只证券,10.0,1.91082803,33.31210191,22.1656051,10593069.15,True,4,False,,-0.10593069150000001,0.6190037935,0.724934485,中位(3-4板)
603595,603595.SH,ST东尼,20260626,普通席位买入，成功率36.45%,36.98,4.9972,-10345925.65,26967199.0,37313124.65,64280323.65,157688897.0,-6.560972805841,40.764013746637,1.4485,8595717215.48,ST、*ST证券连续三个交易日内收盘价格涨幅偏离值累计达到12%的证券,-5.00270416,-9.76203353,-2.65008112,-19.14548405,10345925.65,True,6,False,,-0.1034592565,0.26967199,0.37313124649999996,高位(5板+)
300862,300862.SZ,蓝盾光电,20260810,普通席位买入，成功率26.67%,22.81,19.9895,10308705.78,20085071.78,9776366.0,29861437.78,20085072.0,51.325211978329,148.674785830989,0.5813,3455053669.67,日涨幅达到15%的前5只证券,19.99123192,43.97194213,140.11398509,138.49188952,10308705.78,True,1,False,,0.10308705779999999,0.20085071780000002,0.09776366,低位(1-2板)
603137,603137.SH,恒尚节能,20260702,买一主买，成功率66.67%,15.65,9.9789,9037943.0,12969840.0,3931897.0,16901737.0,12969840.0,69.684306051578,130.315693948422,0.1985,2862906677.1,非ST、*ST和S证券连续三个交易日内收盘价格涨幅偏离值累计达到20%的证券,10.03194888,21.02236422,61.02236422,104.79233227,9037943.0,True,3,False,,0.09037943,0.1296984,0.03931897,中位(3-4板)
601991,601991.SH,大唐发电,20260506,普通席位买入，成功率54.33%,4.58,10.0962,8372107.98000002,185216046.3,176843938.32,362059984.62,1509568365.0,0.554602770839,23.984338372115,2.6606,56774088105.48,有价格涨跌幅限制的日收盘价格涨幅偏离值达到7%的前五只证券,10.04366812,20.96069869,60.91703057,64.62882096,8372107.98000002,True,1,False,,0.0837210798000002,1.8521604630000001,1.7684393831999998,低位(1-2板)
601991,601991.SH,大唐发电,20260507,普通席位买入，成功率41.55%,5.04,10.0437,-7094915.41,176367311.99,183462227.4,359829539.39,1665333844.0,-0.426035622561,21.607051384107,2.6948,62476289094.24,有价格涨跌幅限制的日收盘价格涨幅偏离值达到7%的前五只证券,9.92063492,20.83333333,42.85714286,39.88095238,7094915.41,True,2,False,,-0.0709491541,1.7636731199000002,1.834622274,低位(1-2板)
000056,000056.SZ,*ST皇庭,20260527,1家机构买入，成功率43.76%,1.46,5.036,6922236.48,22244191.0,15321954.52,37566145.52,107447462.0,6.442438333257,34.962338635788,4.841,1458094440.52,连续三个交易日内，涨幅偏离值累计达到12%的ST证券、*ST证券和未完成股改证券,4.79452055,9.5890411,14.38356164,18.49315068,6922236.48,True,3,True,1.0,0.0692223648,0.22244191,0.1532195452,中位(3-4板)
002514,002514.SZ,*ST宝馨,20260520,西藏自治区资金买入，成功率34.79%,4.33,5.0971,6840089.2,32679401.2,25839312.0,58518713.2,161033966.0,4.247606495638,36.339360355815,1.5333,2398961218.62,连续三个交易日内，涨幅偏离值累计达到12%的ST证券、*ST证券和未完成股改证券,3.926097,-1.15473441,11.31639723,0.92378753,6840089.2,True,8,False,,0.068400892,0.32679401199999997,0.25839312,高位(5板+)
600265,600265.SH,*ST景谷,20260602,买一主买，成功率50.30%,26.95,4.9864,6489433.0,40516438.0,34027005.0,74543443.0,183389903.0,3.538598850778,40.647517546263,2.9814,3498110000.0,ST、*ST证券连续三个交易日内收盘价格涨幅偏离值累计达到12%的证券,5.00927644,3.15398887,-8.83116883,-14.5825603,6489433.0,True,6,False,,0.06489433,0.40516438,0.34027005,高位(5板+)
603378,603378.SH,*ST亚士,20260514,普通席位买入，成功率37.11%,5.11,4.9281,6470404.09,34458708.64,27988304.55,62447013.19,342150684.0,1.891097809408,18.251319114709,2.2956,2190128840.62,ST、*ST证券连续三个交易日内收盘价格涨幅偏离值累计达到12%的证券,5.08806262,10.37181996,2.93542074,1.36986301,6470404.09,True,3,False,,0.0647040409,0.3445870864,0.2798830455,中位(3-4板)
002977,002977.SZ,*ST天箭,20260702,2家机构买入，成功率64.90%,23.18,4.9819,6171057.0,9545725.0,3374668.0,12920393.0,16917987.0,36.476307730938,76.370746708814,0.3648,1546259637.04,连续三个交易日内，涨幅偏离值累计达到12%的ST证券、*ST证券和未完成股改证券,5.00431406,11.47540984,1.72562554,-0.12942192,6171057.0,True,3,True,2.0,0.06171057,0.09545725,0.03374668,中位(3-4板)
002717,002717.SZ,*ST岭南,20260608,西藏自治区资金买入，成功率22.56%,1.17,5.4054,6148302.2,33054435.1,26906132.9,59960568.0,405119019.0,1.517653309681,14.800728967997,11.7259,2010708140.22,连续三个交易日内，涨幅偏离值累计达到12%的ST证券、*ST证券和未完成股改证券,0.85470085,-1.70940171,1.70940171,-12.82051282,6148302.2,True,5,False,,0.061483022000000005,0.330544351,0.26906132899999996,高位(5板+)
002514,002514.SZ,*ST宝馨,20260515,普通席位买入，成功率70.42%,3.73,5.0704,6057229.0,9060655.0,3003426.0,12064081.0,22157709.0,27.336892094756,54.446427651884,0.4912,2066541650.22,连续三个交易日内，涨幅偏离值累计达到12%的ST证券、*ST证券和未完成股改证券,5.09383378,10.45576408,14.74530831,16.62198391,6057229.0,True,5,False,,0.06057229,0.09060655,0.03003426,高位(5板+)
002674,002674.SZ,兴业科技,20260626,普通席位买入，成功率52.04%,28.83,9.9962,5733196.0,103053685.0,97320489.0,200374174.0,293050041.0,1.956388055923,68.37541237539,2.574,8434610087.16,连续三个交易日内，涨幅偏离值累计达到20%的证券,9.95490808,-1.04058273,0.69372182,6.8331599,5733196.0,True,6,False,,0.05733196,1.03053685,0.97320489,高位(5板+)
603789,603789.SH,ST星农,20260706,普通席位买入，成功率35.71%,6.99,10.0787,5486451.0,13063611.0,7577160.0,20640771.0,17843163.0,30.748197502876,115.678879355639,0.9818,1817400000.0,有价格涨跌幅限制的日收盘价格涨幅偏离值达到7%的前五只证券,-8.58369099,0.57224607,-7.8683834,-18.59799714,5486451.0,True,5,False,,0.05486451,0.13063611,0.0757716,高位(5板+)
603272,603272.SH,*ST联翔,20260506,普通席位买入，成功率31.73%,28.14,5.0,-5090415.87000001,75545482.11,80635897.98,156181380.09,604082300.0,-0.842669263774,25.854321520429,15.9813,2916063780.0,ST、*ST证券连续三个交易日内收盘价格涨幅偏离值累计达到12%的证券,-5.01066098,-7.24946695,7.39161336,21.74840085,5090415.87000001,True,5,False,,-0.050904158700000104,0.7554548211,0.8063589798,高位(5板+)
600381,600381.SH,*ST春天,20260513,普通席位买入，成功率34.60%,4.82,5.0109,5059026.46,11485189.76,6426163.3,17911353.06,31700224.0,15.958961236362,56.502291781913,0.0714,2829632771.62,ST、*ST证券连续三个交易日内收盘价格涨幅偏离值累计达到12%的证券,4.97925311,10.1659751,0.62240664,12.65560166,5059026.46,True,9,False,,0.0505902646,0.1148518976,0.064261633,高位(5板+)
600381,600381.SH,*ST春天,20260430,买一主买，成功率41.82%,3.59,4.9708,4994517.68,10820588.0,5826070.32,16646658.32,55565017.0,8.988601011316,29.958882798506,0.1861,2107548060.19,ST、*ST证券连续三个交易日内收盘价格涨幅偏离值累计达到12%的证券,5.01392758,10.30640669,27.8551532,42.33983287,4994517.68,True,3,False,,0.0499451768,0.10820588,0.0582607032,中位(3-4板)
000909,000909.SZ,*ST数源,20260702,2家机构买入，成功率40.51%,4.15,5.0633,4803987.0,11866869.0,7062882.0,18929751.0,35374508.0,13.58036414245,53.512407861616,1.753,1816498865.5,连续三个交易日内，涨幅偏离值累计达到12%的ST证券、*ST证券和未完成股改证券,5.06024096,11.08433735,1.20481928,-2.1686747,4803987.0,True,3,True,2.0,0.04803987,0.11866869,0.07062882,中位(3-4板)
000017,000017.SZ,深中华A,20260821,主力做T，成功率19.29%,7.11,10.0619,4599091.67,104887598.01,100288506.34,205176104.35,403808386.0,1.138929212332,50.810263348518,9.4301,3524173953.35,连续三个交易日内，涨幅偏离值累计达到20%的证券,9.9859353,20.95639944,,,4599091.67,True,2,False,,0.0459909167,1.0488759801,1.0028850634,低位(1-2板)
002822,002822.SZ,ST中装,20260701,1家机构买入，成功率35.09%,3.36,5.0,4571853.12,26221242.88,21649389.76,47870632.64,196011379.0,2.332442709869,24.422374294913,1.098,3591660216.48,连续三个交易日内，涨幅偏离值累计达到12%的ST证券、*ST证券和未完成股改证券,-2.67857143,2.08333333,-6.25,-9.22619048,4571853.12,True,7,True,1.0,0.0457185312,0.2622124288,0.2164938976,高位(5板+)
000078,000078.SZ,ST海王,20260702,西藏自治区资金买入，成功率28.13%,1.42,5.1852,4101839.6,15800802.86,11698963.26,27499766.12,128962614.0,3.180642414708,21.323828097963,1.3163,3727806299.68,连续三个交易日内，涨幅偏离值累计达到12%的ST证券、*ST证券和未完成股改证券,4.92957746,15.49295775,30.98591549,52.81690141,4101839.6,True,2,False,,0.041018396,0.1580080286,0.1169896326,低位(1-2板)
002323,002323.SZ,*ST雅博,20260601,普通席位买入，成功率41.32%,1.54,4.7619,-4089145.41,28788313.59,32877459.0,61665772.59,318321710.0,-1.284595200874,19.372154224102,3.554,3265556050.68,连续三个交易日内，涨幅偏离值累计达到12%的ST证券、*ST证券和未完成股改证券,-1.94805195,3.24675325,-7.14285714,-7.14285714,4089145.41,True,6,False,,-0.0408914541,0.2878831359,0.32877459,高位(5板+)
002822,002822.SZ,ST中装,20260624,普通席位买入，成功率36.67%,2.63,5.2,4088820.62,6123551.0,2034730.38,8158281.38,7739400.0,52.831235237874,105.412323694343,0.1032,2811329276.59,连续三个交易日内，涨幅偏离值累计达到12%的ST证券、*ST证券和未完成股改证券,4.94296578,10.2661597,27.75665399,19.77186312,4088820.62,True,2,False,,0.0408882062,0.06123551,0.020347303799999997,低位(1-2板)
600265,600265.SH,*ST景谷,20260528,普通席位买入，成功率66.67%,23.29,5.0045,3702184.0,5171536.0,1469352.0,6640888.0,5267025.0,70.289850532321,126.084231610824,0.0905,3023042000.0,ST、*ST证券连续三个交易日内收盘价格涨幅偏离值累计达到12%的证券,4.9806784,10.2189781,19.36453413,1.28810648,3702184.0,True,3,False,,0.03702184,0.05171536,0.01469352,中位(3-4板)
000078,000078.SZ,ST海王,20260707,西藏自治区资金买入，成功率28.14%,1.8,9.7561,-3596815.45,39702888.51,43299703.96,83002592.47,606420000.0,-0.593122827413,13.687311182019,8.1257,4725388267.2,连续三个交易日内，涨幅偏离值累计达到20%的证券,10.0,3.33333333,27.22222222,-12.22222222,3596815.45,True,5,False,,-0.0359681545,0.3970288851,0.4329970396,高位(5板+)
600180,600180.SH,*ST瑞茂,20260630,买一主买，成功率45.56%,1.25,5.042,3367737.0,5175298.0,1807561.0,6982859.0,11084102.0,30.383489794663,62.998869912962,0.2012,1358284330.0,ST、*ST证券连续三个交易日内收盘价格涨幅偏离值累计达到12%的证券,4.8,10.4,11.2,25.6,3367737.0,True,3,False,,0.03367737,0.05175298,0.01807561,中位(3-4板)
001258,001258.SZ,立新能源,20260717,主力做T，成功率36.06%,8.27,9.9734,3237583.15000001,102539989.75,99302406.6,201842396.35,822710199.0,0.393526560621,24.533839083962,6.1497,7718569706.43,连续三个交易日内，涨幅偏离值累计达到20%的证券,10.0362757,21.03990326,57.55743652,49.2140266,3237583.15000001,True,2,False,,0.032375831500000105,1.0253998975,0.9930240659999999,低位(1-2板)
603221,603221.SH,爱丽家居,20260723,买一主买，成功率30.00%,12.73,10.0259,3092665.0,3833357.0,740692.0,4574049.0,3833357.0,80.677719294081,119.322280705919,0.0775,3084097100.0,非S证券连续三个交易日内收盘价格涨幅偏离值累计达到20%的证券,9.97643362,20.97407698,60.95836606,135.92304241,3092665.0,True,3,False,,0.03092665,0.03833357,0.00740692,中位(3-4板)
600491,600491.SH,ST龙元,20260713,普通席位买入，成功率42.89%,1.23,9.8214,-3012940.23,7823784.0,10836724.23,18660508.23,78267130.0,-3.849560128243,23.842075504749,4.1152,1881602284.65,非S证券连续三个交易日内收盘价格涨幅偏离值累计达到20%的证券,9.75609756,4.87804878,0.0,1.62601626,3012940.23,True,4,False,,-0.0301294023,0.07823784,0.1083672423,中位(3-4板)
002175,002175.SZ,*ST东智,20260702,普通席位买入，成功率51.67%,2.49,5.0633,2894937.0,4577568.0,1682631.0,6260199.0,4577568.0,63.24181311998,136.75818688002,0.0883,3179184010.23,连续三个交易日内，涨幅偏离值累计达到12%的ST证券、*ST证券和未完成股改证券,4.81927711,15.26104418,14.0562249,7.22891566,2894937.0,True,4,False,,0.02894937,0.04577568,0.01682631,中位(3-4板)
600730,600730.SH,*ST高科,20260506,普通席位买入，成功率63.16%,9.42,5.0167,-2859171.16,32105297.0,34964468.16,67069765.16,159973461.0,-1.787278428639,41.925557364793,0.2099,5526299538.84,ST、*ST证券连续三个交易日内收盘价格涨幅偏离值累计达到12%的证券,4.98938429,10.1910828,22.08067941,41.507431,2859171.16,True,3,False,,-0.0285917116,0.32105297,0.34964468159999995,中位(3-4板)
002717,002717.SZ,*ST岭南,20260604,普通席位买入，成功率44.87%,1.06,4.9505,2320795.5,6549205.5,4228410.0,10777615.5,48183471.0,4.816580150484,22.367868641095,0.3384,1821667203.96,连续三个交易日内，涨幅偏离值累计达到12%的ST证券、*ST证券和未完成股改证券,4.71698113,10.37735849,14.1509434,-3.77358491,2320795.5,True,3,False,,0.023207955,0.065492055,0.0422841,中位(3-4板)
603758,603758.SH,秦安股份,20260810,买一主买，成功率41.44%,11.53,10.0191,2002607.7,79102464.91,77099857.21,156202322.12,286582905.0,0.698788261638,54.50510808382,2.5284,4993828044.97,非S证券连续三个交易日内收盘价格涨幅偏离值累计达到20%的证券,9.97398092,20.98872507,23.33044232,-4.42324371,2002607.7,True,2,False,,0.020026077,0.7910246490999999,0.7709985720999999,低位(1-2板)
603221,603221.SH,爱丽家居,20260721,买一主买，成功率12.12%,10.52,10.0418,1783140.0,2925612.0,1142472.0,4068084.0,2925612.0,60.949298813377,139.050701186624,0.1148,2548680400.0,有价格涨跌幅限制的日收盘价格涨幅偏离值达到7%的前五只证券,9.98098859,21.00760456,61.02661597,135.93155894,1783140.0,True,1,False,,0.0178314,0.02925612,0.01142472,低位(1-2板)
603789,603789.SH,ST星农,20260703,买一主买，成功率35.43%,6.35,4.9587,1704125.1,7100361.1,5396236.0,12496597.1,7100362.0,24.000538282414,175.999436366766,0.2496,1651000000.0,ST、*ST证券连续三个交易日内收盘价格涨幅偏离值累计达到12%的证券,10.07874016,0.62992126,6.77165354,-6.61417323,1704125.1,True,4,False,,0.017041251,0.071003611,0.05396236,中位(3-4板)
600381,600381.SH,*ST春天,20260508,普通席位买入，成功率29.86%,4.16,5.0505,1675131.06,16077003.0,14401871.94,30478874.94,123798195.0,1.353114284098,24.619805595712,4.6635,2442172682.56,ST、*ST证券连续三个交易日内收盘价格涨幅偏离值累计达到12%的证券,5.04807692,10.33653846,27.64423077,12.74038462,1675131.06,True,6,False,,0.0167513106,0.16077003,0.1440187194,高位(5板+)
600745,600745.SH,*ST闻泰,20260527,普通席位买入，成功率40.87%,18.75,4.9832,-1370938.71000001,209991471.2,211362409.91,421353881.11,2935237858.0,-0.046706221994,14.355016577672,2.481,23337565912.5,ST、*ST证券连续三个交易日内收盘价格涨幅偏离值累计达到12%的证券,5.01333333,10.24,15.46666667,0.69333333,1370938.71000001,True,3,False,,-0.0137093871000001,2.099914712,2.1136240991,中位(3-4板)
600272,600272.SH,开开实业,20260810,买一主买，成功率55.30%,14.27,10.0231,-1139762.78,43867679.0,45007441.78,88875120.78,432153455.0,-0.26374029105,20.565639300512,3.6902,2319040000.0,非S证券连续三个交易日内收盘价格涨幅偏离值累计达到20%的证券,10.02102313,21.02312544,33.35669236,27.1899089,1139762.78,True,3,False,,-0.0113976278,0.43867679,0.4500744178,中位(3-4板)
002207,002207.SZ,*ST准油,20260512,1家机构买入，成功率48.65%,8.77,5.0299,-1063450.0,19896848.0,20960298.0,40857146.0,127449357.0,-0.834409858969,32.057553652468,0.4644,2287320363.0,连续三个交易日内，涨幅偏离值累计达到12%的ST证券、*ST证券和未完成股改证券,5.01710376,10.2622577,15.39338655,-0.68415051,1063450.0,True,6,True,1.0,-0.0106345,0.19896848,0.20960298,高位(5板+)
000004,000004.SZ,国华退,20260626,买一主买，成功率55.83%,0.28,7.6923,1004451.0,1931424.0,926973.0,2858397.0,2971598.0,33.801712075456,96.190568172411,8.9944,35360939.04,退市整理期,10.71428571,21.42857143,60.71428571,64.28571429,1004451.0,True,1,False,,0.01004451,0.01931424,0.00926973,低位(1-2板)
600180,600180.SH,*ST瑞茂,20260702,西藏自治区资金买入，成功率31.43%,1.38,5.3435,955591.0,9003379.0,8047788.0,17051167.0,52383212.0,1.824231396883,32.550823725739,0.3228,1499545900.32,ST、*ST证券连续三个交易日内收盘价格涨幅偏离值累计达到12%的证券,1.44927536,11.5942029,1.44927536,16.66666667,955591.0,True,5,False,,0.00955591,0.09003379,0.08047788,高位(5板+)
002822,002822.SZ,ST中装,20260626,1家机构买入，成功率38.25%,2.9,5.0725,-898372.18,14911163.94,15809536.12,30720700.06,118321704.0,-0.759262375058,25.963706590973,3.3443,3099944829.7,连续三个交易日内，涨幅偏离值累计达到12%的ST证券、*ST证券和未完成股改证券,5.17241379,10.34482759,18.27586207,12.75862069,898372.18,True,4,True,1.0,-0.0089837218,0.1491116394,0.15809536119999998,中位(3-4板)
600537,600537.SH,*ST亿晶,20260615,普通席位买入，成功率54.72%,2.71,5.0388,-794121.92,10461702.0,11255823.92,21717525.92,112366685.0,-0.706723634323,19.327370848397,2.6771,3207867698.78,ST、*ST证券连续三个交易日内收盘价格涨幅偏离值累计达到12%的证券,5.16605166,10.33210332,-2.21402214,-6.27306273,794121.92,True,3,False,,-0.0079412192,0.10461702,0.1125582392,中位(3-4板)
600381,600381.SH,*ST春天,20260515,普通席位买入，成功率49.37%,5.31,4.9407,769165.550000001,22931582.55,22162417.0,45093999.55,246924793.0,0.311497902116,18.262240499276,7.7393,3117292534.71,ST、*ST证券连续三个交易日内收盘价格涨幅偏离值累计达到12%的证券,1.31826742,-3.76647834,-11.67608286,7.34463277,769165.550000001,True,11,False,,0.00769165550000001,0.22931582550000001,0.22162417,高位(5板+)
000004,000004.SZ,国华退,20260702,普通席位买入，成功率70.48%,0.41,10.8108,728358.8,2510516.8,1782158.0,4292674.8,3823929.0,19.047393400871,112.258224459711,7.5217,51778517.88,退市整理期,9.75609756,0.0,2.43902439,,728358.8,True,5,False,,0.0072835880000000006,0.025105167999999997,0.01782158,高位(5板+)
002918,002918.SZ,蒙娜丽莎,20260514,主力做T，成功率34.60%,16.94,10.0,714540.960000008,141803924.35,141089383.39,282893307.74,1198628722.0,0.059613201894,23.601412392986,12.4058,3628405365.2,连续三个交易日内，涨幅偏离值累计达到20%的证券,9.97638725,-1.00354191,-17.29634002,-11.68831169,714540.960000008,True,5,False,,0.00714540960000008,1.4180392435,1.4108938339,高位(5板+)
603137,603137.SH,恒尚节能,20260615,上海资金买入，成功率45.32%,12.94,10.034,-655203.6,15178788.0,15833991.6,31012779.6,34931491.0,-1.875681745162,88.781723059001,1.483,2367157341.96,有价格涨跌幅限制的日收盘价格涨幅偏离值达到7%的前五只证券,9.9690881,20.94281298,60.97372488,150.15455951,655203.6,True,1,False,,-0.006552036,0.15178788,0.158339916,低位(1-2板)
000004,000004.SZ,国华退,20260703,普通席位买入，成功率28.02%,0.45,9.7561,481476.41,1758769.41,1277293.0,3036062.41,2673076.0,18.012073356687,113.579352401503,4.9627,56830080.6,退市整理期,-8.88888889,-11.11111111,2.22222222,,481476.41,True,6,False,,0.0048147641,0.0175876941,0.01277293,高位(5板+)
002963,002963.SZ,豪尔赛,20260804,4家机构买入，成功率40.00%,15.99,9.9725,467032.82,55520225.0,55053192.18,110573417.18,176279483.0,0.264938841465,62.726197795804,4.0691,2387951988.63,连续三个交易日内，涨幅偏离值累计达到20%的证券,10.00625391,21.01313321,25.64102564,13.75859912,467032.82,True,3,True,4.0,0.0046703282,0.55520225,0.5505319218,中位(3-4板)
002323,002323.SZ,*ST雅博,20260527,西藏自治区资金买入，成功率17.82%,1.33,4.7244,-463866.879999999,22735798.87,23199665.75,45935464.62,332399344.0,-0.139551081665,13.819360792722,10.9069,2820252952.86,连续三个交易日内，涨幅偏离值累计达到12%的ST证券、*ST证券和未完成股改证券,5.26315789,10.52631579,19.54887218,16.54135338,463866.879999999,True,3,False,,-0.00463866879999999,0.2273579887,0.2319966575,中位(3-4板)
000004,000004.SZ,国华退,20260629,普通席位买入，成功率40.00%,0.31,10.7143,454057.0,1350856.0,896799.0,2247655.0,2794103.0,16.250546239706,80.442811163368,7.3813,39149611.08,退市整理期,9.67741935,19.35483871,32.25806452,64.51612903,454057.0,True,2,False,,0.00454057,0.01350856,0.00896799,低位(1-2板)
600491,600491.SH,ST龙元,20260702,西藏自治区资金买入，成功率42.15%,1.02,5.1546,430477.0,6335628.0,5905151.0,12240779.0,55022439.0,0.782366263335,22.246885493389,0.3241,1560353114.1,ST、*ST证券连续三个交易日内收盘价格涨幅偏离值累计达到12%的证券,9.80392157,20.58823529,39.21568627,19.60784314,430477.0,True,2,False,,0.00430477,0.06335628,0.05905151,低位(1-2板)
000017,000017.SZ,深中华A,20260825,1家机构买入，成功率32.47%,8.6,9.9744,-416771.400000006,112254739.0,112671510.4,224926249.4,566604911.0,-0.073555910284,39.697193764704,13.1245,4185965919.98,连续三个交易日内，涨幅偏离值累计达到20%的证券,10.0,21.04651163,,,416771.400000006,True,4,True,1.0,-0.00416771400000006,1.12254739,1.126715104,中位(3-4板)
600730,600730.SH,*ST高科,20260511,普通席位买入，成功率40.34%,10.9,5.0096,360130.399999999,46488134.0,46128003.6,92616137.6,380864117.0,0.094556137983,24.317370281433,0.3291,6394550421.8,ST、*ST证券连续三个交易日内收盘价格涨幅偏离值累计达到12%的证券,5.04587156,5.50458716,19.90825688,18.99082569,360130.399999999,True,6,False,,0.0036013039999999896,0.46488134,0.461280036,高位(5板+)
000004,000004.SZ,国华退,20260630,普通席位买入，成功率54.30%,0.34,9.6774,284993.4,638369.4,353376.0,991745.4,815800.0,34.934224074528,121.567222358421,1.9436,42938283.12,退市整理期,8.82352941,20.58823529,17.64705882,,284993.4,True,3,False,,0.002849934,0.0063836940000000005,0.00353376,中位(3-4板)
603828,603828.SH,*ST利达,20260507,普通席位买入，成功率42.72%,5.28,4.9702,247965.66,15023850.0,14775884.34,29799734.34,118248297.0,0.209699138415,25.200983943135,0.322,3146561220.0,ST、*ST证券连续三个交易日内收盘价格涨幅偏离值累计达到12%的证券,4.92424242,10.22727273,11.36363636,10.60606061,247965.66,True,3,False,,0.0024796566,0.1502385,0.1477588434,中位(3-4板)
000004,000004.SZ,国华退,20260701,普通席位买入，成功率64.44%,0.37,8.8235,-222177.0,1635690.0,1857867.0,3493557.0,4161907.0,-5.338346099516,83.941255775297,9.1144,46726955.16,退市整理期,10.81081081,21.62162162,2.7027027,,222177.0,True,4,False,,-0.00222177,0.0163569,0.01857867,中位(3-4板)
003032,003032.SZ,传智教育,20260805,主力做T，成功率7.89%,11.73,10.0375,0.0,1960859563.4,1960859563.4,1960859563.4,1960859563.4,0.0,100.0,18.7864,3336969261.84,严重异常期间日收盘价格涨幅偏离值累计达到100%的证券,-6.64961637,-1.96078431,10.05967604,13.21398124,0.0,True,8,False,,0.0,19.608595634,19.608595634,高位(5板+)
001259,001259.SZ,利仁科技,20260519,主力做T，成功率3.20%,73.21,10.0075,0.0,946214481.01,946214481.01,946214481.01,946214481.01,0.0,100.0,6.3678,3480732771.79,严重异常期间日收盘价格涨幅偏离值累计达到100%的证券,9.99863407,20.20215818,0.27318672,-8.29393396,0.0,True,7,False,,0.0,9.4621448101,9.4621448101,高位(5板+)
603221,603221.SH,爱丽家居,20260730,2家机构买入，成功率15.63%,20.49,9.9839,0.0,131204100.0,131204300.0,131204100.0,131204200.0,-0.000152434145,99.999923782928,1.367,4964112300.0,有价格涨跌幅限制的连续10个交易日内收盘价格涨幅偏离值累计达到100%的证券,10.00488043,20.98584675,46.5739546,31.52569526,0.0,True,8,True,2.0,0.0,1.312041,1.312043,高位(5板+)
