code,name,height,start,end,days_in_window,industry,region,market,peak_price,peak_float_mv_yi,cap_bucket,price_bucket,avg_turnover,yiziban_days,list_date,list_age_years,is_subnew,is_st,concepts
600381,*ST春天,11,20260428,20260515,11,食品饮料,青海板块,ST/沪市主板,5.31,31.1729253471,20-50亿,5-10元,,8,2001-05-08,25.30321697467488,False,True,白酒、中药概念、食品饮料、2026中报首亏、青海板块、保健品、食品加工
603221,爱丽家居,10,20260721,20260806,10,轻工制造,江苏板块,沪市主板,24.79,60.058733,50-100亿,20-50元,,9,2020-03-23,6.4284736481861735,False,False,拼多多概念、贬值受益、电商概念、养老概念、长江三角、家居用品、2026中报首亏、江苏板块
000609,*ST中迪,10,20260420,20260507,10,房地产,北京板块,ST/深市主板,15.9,46.223370491764705,20-50亿,10-20元,,8,1996-10-10,29.87816563997262,False,True,北交所概念、半导体概念、互联网金融、创投、房地产开发、北京板块、住宅开发、房地产
002207,*ST准油,9,20260430,20260515,9,石油石化,新疆板块,ST/深市主板,10.15,26.47240785,20-50亿,10-20元,,4,2008-01-28,18.579055441478438,False,True,一带一路、央国企改革、油气设服、西部大开发、石油石化、油气资源、油田服务、新疆板块
003032,传智教育,8,20260727,20260805,8,社会服务,江苏板块,深市主板,11.73,33.3696926184,20-50亿,10-20元,,2,2021-01-12,5.620807665982204,False,False,鸿蒙概念、华为概念、教育、在线教育、2026中报扭亏、近期摘帽、微利股、昨日高换手
603137,恒尚节能,8,20260615,20260709,8,建筑装饰,江苏板块,沪市主板,25.2,46.09920016841243,20-50亿,20-50元,,5,2023-04-19,3.356605065023956,False,False,装配建筑、装修装饰Ⅱ、节能环保、昨日首板、江苏板块、装修装饰Ⅲ、建筑装饰、新型城镇化
002514,*ST宝馨,8,20260511,20260520,8,机械设备,江苏板块,ST/深市主板,4.33,23.9896121862,20-50亿,<5元,,6,2010-12-03,15.731690622861054,False,True,储能概念、换电概念、碳交易、医废处理、华为概念、充电桩、光伏概念、智能电网
001259,利仁科技,8,20260511,20260520,8,家用电器,北京板块,深市主板,80.53,38.287585044699995,20-50亿,>50元,,4,2022-08-31,3.9890485968514717,False,False,电商概念、家用电器、北京板块、厨房小家电、小家电
600721,百花医药,7,20260804,20260812,7,医药生物,新疆板块,沪市主板,14.03,53.9520331905,50-100亿,10-20元,,2,1996-06-26,30.168377823408623,False,False,流感、CRO、医疗服务、央国企改革、西部大开发、百日新高、近期新高、创新医疗服务
002822,ST中装,7,20260623,20260701,7,房地产,广东板块,ST/深市主板,3.36,35.9166021648,20-50亿,<5元,,3,2016-11-29,9.741273100616016,False,True,深圳特区、广东板块、物业管理、房地产、房地产服务
002674,兴业科技,7,20260618,20260629,7,纺织服饰,福建板块,深市主板,31.7,92.74267767911367,50-100亿,20-50元,,5,2012-05-07,14.30527036276523,False,False,华为汽车、新能源车、纺织服饰、福建板块、辅料、纺织制造、机器人概念
600265,*ST景谷,7,20260526,20260603,7,农林牧渔,云南板块,ST/沪市主板,28.3,36.7334,20-50亿,20-50元,,6,2000-08-25,26.0041067761807,False,True,西部大开发、稀缺资源、农林牧渔、云南板块、林业Ⅲ、林业Ⅱ、算力概念
600745,*ST闻泰,7,20260525,20260602,7,电子,湖北板块,ST/沪市主板,22.79,290.31480184244896,>200亿,20-50元,,3,1996-08-28,29.9958932238193,False,True,汽车芯片、第三代半导体、数据中心、半导体概念、氮化镓、MSCI中国、股权激励、转债标的
603779,威龙股份,7,20260513,20260521,7,食品饮料,山东板块,沪市主板,14.52,48.2184158808,20-50亿,10-20元,,6,2016-05-16,10.28062970568104,False,False,央国企改革、酿酒概念、食品饮料、山东板块、其他酒类、非白酒
600730,*ST高科,7,20260429,20260512,7,社会服务,北京板块,ST/沪市主板,11.45,67.17211223187078,50-100亿,10-20元,,5,1996-07-26,30.086242299794662,False,True,化债(AMC)概念、教育、在线教育、长江三角、创投、昨日首板、AI应用、培训教育
000017,深中华A,6,20260820,20260827,6,纺织服饰,广东板块,深市主板,10.41,45.8895651,20-50亿,10-20元,,1,1992-03-31,34.40657084188912,False,False,新零售、饰品、深圳特区、黄金概念、AB股、纺织服饰、高市净率、百日新高
001258,立新能源,6,20260716,20260723,6,公用事业,新疆板块,深市主板,12.11,113.0252468499,100-200亿,10-20元,,0,2022-07-27,4.084873374401095,False,False,储能概念、充电桩、央国企改革、风能、西部大开发、光伏概念、新能源、电力
000078,ST海王,6,20260701,20260708,6,医药生物,广东板块,ST/深市主板,1.98,51.97927093333333,50-100亿,<5元,,0,1998-12-18,27.690622861054074,False,True,冷链物流、病毒防治、医疗器械概念、中药概念、深圳特区、2026中报首亏、医药流通、广东板块
002175,*ST东智,6,20260622,20260706,6,机械设备,广西板块,ST/深市主板,2.87,36.64360685973181,20-50亿,<5元,,6,2007-10-12,18.874743326488705,False,True,国产芯片、超级电容、西部大开发、通用设备、仪器仪表、广西板块、机械设备、低价股
000004,国华退,6,20260626,20260703,6,--,广东,ST/深市主板,0.45,0.568300806,<20亿,<5元,,0,1990-12-01,35.73716632443532,False,True,
603595,ST东尼,6,20260618,20260626,6,电子,浙江板块,ST/沪市主板,36.98,85.95717215479999,50-100亿,20-50元,,3,2017-07-12,9.125256673511293,False,True,碳化硅、无线充电、第三代半导体、半导体概念、光伏概念、2026中报扭亏、浙江板块、消费电子概念
600403,大有能源,6,20260601,20260608,6,煤炭,河南板块,沪市主板,8.95,213.97770997900002,>200亿,5-10元,,1,2003-10-09,22.882956878850102,False,False,央国企改革、长江三角、煤炭、小盘价值、小盘股、河南板块、动力煤、煤炭开采
002323,*ST雅博,6,20260525,20260601,6,建筑装饰,山东板块,ST/深市主板,1.54,32.6555605068,20-50亿,<5元,,2,2009-12-18,16.689938398357288,False,True,储能概念、HJT电池、一带一路、央国企改革、长江三角、光伏概念、新能源、山东板块
002918,蒙娜丽莎,6,20260508,20260515,6,轻工制造,广东板块,深市主板,18.63,39.90638478958252,20-50亿,10-20元,,2,2017-12-19,8.687200547570157,False,False,体育产业、智能家居、转债标的、家居用品、2026中报扭亏、瓷砖地板、广东板块、轻工制造
601991,大唐发电,6,20260506,20260513,6,公用事业,北京板块,沪市主板,7.37,913.591767115916,>200亿,5-10元,,0,2006-12-20,19.685147159479808,False,False,MSCI中国、上证380、中证500、央国企改革、风能、光伏概念、核能核电、AH股
002297,博云新材,6,20260413,20260420,1,国防军工,湖南板块,深市主板,19.46,111.5261977774,100-200亿,10-20元,,3,2009-09-29,16.908966461327857,False,False,商业航天、大飞机、军民融合、无人机、小金属概念、央国企改革、通用航空、新材料
003040,楚天龙,5,20260821,20260827,5,通信,广东板块,深市主板,18.73,85.56805332,50-100亿,10-20元,,0,2021-03-22,5.431895961670089,False,False,智慧政务、数字货币、ETC、华为概念、量子科技、通信设备、百日新高、近期新高
002412,汉森制药,5,20260819,20260825,5,医药生物,湖南板块,深市主板,12.33,61.3842885,50-100亿,10-20元,,2,2010-05-25,16.257357973990416,False,False,中药概念、参股银行、2026中报预增、百日新高、近期新高、病原体防治、昨日高换手、中药Ⅲ
300862,蓝盾光电,5,20260810,20260814,5,机械设备,安徽板块,创业板,47.29,71.6306392103,50-100亿,20-50元,,4,2020-08-24,6.006844626967831,False,False,华为概念、创业板综、PPP模式、智慧城市、通用设备、节能环保、仪器仪表、昨日高换手
603758,秦安股份,5,20260807,20260813,5,汽车,重庆板块,沪市主板,15.35,66.48331351785421,50-100亿,10-20元,,3,2017-05-17,9.27857631759069,False,False,新能源车、西部大开发、成渝特区、汽车零部件、重庆板块、消费电子概念、底盘与发动机系统、汽车
600272,开开实业,5,20260806,20260812,5,医药生物,上海板块,沪市主板,17.27,27.9832,20-50亿,10-20元,,1,2001-02-28,25.492128678986994,False,False,央国企改革、沪企改革、医疗器械概念、电商概念、中药概念、长江三角、参股银行、AB股
002552,宝鼎科技,5,20260804,20260810,5,电子,浙江板块,深市主板,52.36,192.9483221204,100-200亿,>50元,,0,2011-02-25,15.501711156741958,False,False,PCB、一带一路、央国企改革、黄金概念、元件、2026中报预增、浙江板块、2026一季报预增
002963,豪尔赛,5,20260731,20260806,5,建筑装饰,北京板块,深市主板,19.35,28.897355206226507,20-50亿,10-20元,,0,2019-10-28,6.830937713894593,False,False,换电概念、国产芯片、装修装饰Ⅱ、智慧城市、昨日高换手、北京板块、装修装饰Ⅲ
002827,高争民爆,5,20260729,20260804,5,基础化工,西藏板块,深市主板,41.87,115.5607289625,100-200亿,20-50元,,2,2016-12-09,9.713894592744696,False,False,央国企改革、西部大开发、化学制品、2026中报预减、西藏板块、民爆制品、基础化工、雅下水电概念
605179,一鸣食品,5,20260728,20260803,5,食品饮料,浙江板块,沪市主板,21.31,85.4531,50-100亿,20-50元,,1,2020-12-28,5.661875427789186,False,False,社区团购、代糖概念、乳业、冷链物流、乡村振兴、新零售、电商概念、食品安全
002879,长缆科技,5,20260721,20260727,5,电力设备,湖南板块,深市主板,19.86,27.2358095706,20-50亿,10-20元,,0,2017-07-07,9.138945927446954,False,False,商业航天、特高压、风能、智能电网、核能核电、电网设备、电网概念、湖南板块
600664,哈药股份,5,20260710,20260716,5,医药生物,黑龙江,沪市主板,4.94,124.4143878744,100-200亿,<5元,,0,1993-06-29,33.16084873374401,False,False,流感、冷链物流、东北振兴、养老概念、中药概念、化学制药、2026中报预增、医药医疗风格
600491,ST龙元,5,20260701,20260714,5,建筑装饰,浙江板块,ST/沪市主板,1.35,24.93505467,20-50亿,<5元,,3,2004-05-24,22.258726899383984,False,True,装配建筑、PPP模式、水利建设、长江三角、工程建设、2026中报首亏、浙江板块、超跌股
600793,宜宾纸业,5,20260701,20260707,5,轻工制造,四川板块,沪市主板,19.37,34.26630518633425,20-50亿,10-20元,,1,1997-02-20,29.51403148528405,False,False,央国企改革、西部大开发、成渝特区、化工原料、造纸印刷、2026中报首亏、四川板块、特种纸
603789,ST星农,5,20260623,20260706,5,机械设备,浙江板块,ST/沪市主板,6.99,18.174,<20亿,5-10元,,4,2015-04-27,11.3347022587269,False,True,专用设备、农业种植、乡村振兴、智能驾驶、生态农业、浙江板块、农用机械、机械设备
002977,*ST天箭,5,20260630,20260706,5,国防军工,四川板块,ST/深市主板,25.84,17.236992672222755,<20亿,20-50元,,2,2020-03-17,6.444900752908967,False,True,商业航天、第三代半导体、氮化镓、西部大开发、军工、四川板块、军工电子Ⅲ、军工电子Ⅱ
000909,*ST数源,5,20260630,20260706,5,房地产,浙江板块,ST/深市主板,4.61,20.178457273699284,20-50亿,<5元,,0,1999-05-07,27.307323750855577,False,True,REITs概念、换电概念、车联网(车路云)、ETC、超清视频、智能驾驶、人工智能、5G概念
600180,*ST瑞茂,5,20260626,20260702,5,交通运输,山东板块,ST/沪市主板,1.38,14.995459003199999,<20亿,<5元,,4,1998-07-03,28.150581793292265,False,True,一带一路、电商概念、互联网金融、参股银行、物流、2026中报首亏、超跌股
600397,江钨装备,5,20260616,20260623,5,机械设备,江西板块,沪市主板,24.44,241.94619516080002,>200亿,20-50元,,0,2002-07-02,24.1533196440794,False,False,专用设备、央国企改革、2026中报扭亏、高市净率、小盘股、昨日首板、江西板块、能源及重型设备
600353,旭光电子,5,20260615,20260622,5,电子,四川板块,沪市主板,46.21,382.9936365719146,>200亿,20-50元,,2,2002-11-20,23.76728268309377,False,False,第三代半导体、国产芯片、光刻机、华为概念、军民融合、5G概念、无人机、参股新三板
600537,*ST亿晶,5,20260611,20260617,5,电力设备,浙江板块,ST/沪市主板,2.99,35.393079039861114,20-50亿,<5元,,4,2003-01-23,23.592060232717316,False,True,长江三角、光伏概念、浙江板块、股权分散、光伏电池组件、电力设备、TOPCon电池、低价股
002717,*ST岭南,5,20260602,20260608,5,建筑装饰,广东板块,ST/深市主板,1.17,20.1070814022,20-50亿,<5元,,2,2014-02-19,12.517453798767967,False,True,网红经济、抖音概念(字节概念)、农业种植、华为概念、乡村振兴、雄安新区、虚拟现实、PPP模式
600726,华电能源,5,20260525,20260529,5,公用事业,黑龙江,沪市主板,10.13,757.2515578639684,>200亿,10-20元,,0,1996-07-01,30.154688569472963,False,False,央国企改革、AB股、电力、公用事业、中盘成长、中盘股、黑龙江、火力发电
600162,香江控股,5,20260525,20260529,5,房地产,广东板块,沪市主板,2.79,91.1894236038,50-100亿,<5元,,1,1998-06-09,28.216290212183434,False,False,粤港自贸、养老概念、深圳特区、房地产开发、红利股、昨日首板、广东板块、住宅开发
000056,*ST皇庭,5,20260525,20260529,5,房地产,广东板块,ST/深市主板,1.6,14.459731324271846,<20亿,<5元,,1,1996-07-08,30.135523613963038,False,True,半导体概念、国产芯片、租售同权、参股保险、深圳特区、AB股、广东板块、物业管理
603378,*ST亚士,5,20260512,20260518,5,建筑材料,上海板块,ST/沪市主板,5.64,24.1728506088,20-50亿,5-10元,,0,2017-09-28,8.91170431211499,False,True,雄安新区、一带一路、装修建材、涂料、上海板块、建筑材料、建筑节能
002856,*ST美芝,5,20260511,20260515,5,建筑装饰,广东板块,ST/深市主板,17.98,22.2780188514,20-50亿,10-20元,,0,2017-03-20,9.437371663244353,False,True,装修装饰Ⅱ、央国企改革、深圳特区、广东板块、装修装饰Ⅲ、建筑装饰
603828,*ST利达,5,20260430,20260511,5,建筑装饰,江苏板块,ST/沪市主板,5.82,34.68368618079682,20-50亿,5-10元,,0,2015-02-26,11.498973305954825,False,True,装配建筑、装修装饰Ⅱ、PPP模式、股权激励、2026中报首亏、江苏板块、装修装饰Ⅲ、建筑装饰
603045,福达合金,5,20260430,20260511,5,有色金属,浙江板块,沪市主板,68.35,92.57676344068636,50-100亿,>50元,,4,2018-05-17,8.279260780287474,False,False,数据中心、新能源车、5G概念、充电桩、小金属概念、智能家居、智慧城市、风能
002081,金 螳 螂,5,20260428,20260507,5,建筑装饰,江苏板块,深市主板,7.14,188.79897618959998,100-200亿,5-10元,,0,2006-11-20,19.76728268309377,False,False,商业航天、装配建筑、半导体概念、装修装饰Ⅱ、PPP模式、电商概念、长江三角
603272,*ST联翔,5,20260424,20260506,5,轻工制造,浙江板块,ST/沪市主板,28.14,29.1606378,20-50亿,20-50元,,2,2022-05-20,4.271047227926078,False,True,家居用品、2026中报首亏、浙江板块、其他家居用品、轻工制造、专精特新
603318,水发燃气,5,20260422,20260428,5,公用事业,辽宁板块,沪市主板,13.78,63.2599733272,50-100亿,10-20元,,2,2015-04-24,11.342915811088295,False,False,氦气概念、天然气、一带一路、央国企改革、公用事业、2026中报扭亏、油气资源、辽宁板块
