code,name,nmc
600000,浦发银行,31407405.5169
600004,白云机场,1867340.725287
600006,东风股份,1072000.0
600007,中国国贸,1908800.40193
600008,首创环保,2055365.38956
600009,上海机场,5920282.37108
600010,包钢股份,6921324.827027
600011,华能国际,7544429.004434
600012,皖通高速,1924405.6
600015,华夏银行,9724725.557256
600016,民生银行,12801826.479893
600017,日照港,876561.35808
600018,上港集团,12640127.910954
600019,宝钢股份,12548660.108914
600020,中原高速,876475.01448
600021,上海电力,3801066.709335
600022,山东钢铁,1433645.840236
600023,浙能电力,6543461.581512
600025,华能水电,18183947.994832
600026,中远海能,7786135.638504
600027,华电国际,4460387.826268
600028,中国石化,51924356.5055
600029,南方航空,6778917.511552
600030,中信证券,34082166.176226
600031,三一重工,16948780.074
600032,浙江新能,1618346.493052
600033,福建高速,998961.6
600035,楚天高速,597352.999271
600036,招商银行,86002069.324501
600037,歌华有线,982595.186104
600038,中直股份,1869673.942695
600039,四川路桥,7965161.03082
600048,保利发展,6284482.79445
600050,中国联通,13170923.8896
600051,宁波联合,195543.52
600052,东望时代,330924.338472
600054,黄山旅游,592348.2
600055,万东医疗,764930.431104
600056,中国医药,1354788.439068
600057,厦门象屿,1364316.626928
600058,五矿发展,1048328.675358
600059,古越龙山,837707.477547
600060,海信视像,3718482.54206
600061,国投资本,4175345.845769
600062,华润双鹤,1663237.071576
600063,皖维高新,1152492.292093
600064,南京高科,1327170.506948
600066,宇通客车,6349577.691564
600067,冠城新材,398017.259354
600071,凤凰光学,467412.65574
600072,中船科技,982586.945612
600073,光明肉业,542007.634816
600075,新疆天业,847067.482128
600076,康欣新材,426220.247339
600078,澄星股份,713590.971297
600081,东风科技,587313.79254
600085,同仁堂,3310729.212468
600088,中视传媒,497133.0
600089,特变电工,9539672.374048
600094,大名城,844113.29015
600095,湘财股份,2907793.934631
600096,云天化,5614811.45148
600097,开创国际,225034.746106
600098,广州发展,2142083.503391
600099,林海股份,204000.72
600100,同方股份,2301654.528831
600101,明星电力,430619.902206
600103,青山纸业,785376.811685
600104,上汽集团,12035555.546688
600105,永鼎股份,5432772.684232
600106,重庆路桥,615338.603706
600108,亚盛集团,848854.992756
600109,国金证券,3219171.781592
600110,诺德股份,1913904.567996
600111,北方稀土,13979459.611014
600113,浙江东日,1222361.97636
600114,东睦股份,1780115.481576
600115,中国东航,5941712.747657
600116,三峡水利,1200825.743712
600117,西宁特钢,745421.302253
600118,中国卫星,6813502.39587
600120,浙江东方,1680367.694064
600121,郑州煤电,623826.963456
600123,兰花科创,1038634.214805
600125,铁龙物流,708898.377582
600126,杭钢股份,2120874.744124
600127,金健米业,789393.35814
600128,苏豪弘业,209752.375
600129,太极集团,760957.0953
600130,波导股份,342750.0
600131,国网信通,1779506.861712
600132,重庆啤酒,1934916.849604
600133,东湖高新,898840.214625
600135,乐凯胶片,413320.402953
600137,浪莎股份,174408.352872
600138,中青旅,529850.88
600141,兴发集团,3628052.628283
600143,金发科技,3607076.832332
600148,长春一东,242983.74465
600149,廊坊发展,196542.72
600150,中国船舶,28198502.966136
600151,航天机电,1411304.250408
600152,维科技术,427496.135
600153,建发股份,2455909.152697
600155,华创云信,1360126.606202
600156,华升股份,349032.089336
600157,永泰能源,3381753.442475
600158,中体产业,707161.130379
600159,大龙地产,226590.882336
600160,巨化股份,10237437.139152
600161,天坛生物,2428212.135688
600162,香江控股,1532897.479218
600163,中闽能源,1000975.971218
600165,宁科生物,230134.884844
600166,福田汽车,2296046.10643
600167,联美控股,1312447.46854
600168,武汉控股,442061.918205
600170,上海建工,2025994.261632
600171,上海贝岭,1607838.051204
600172,黄河旋风,2027875.922032
600173,卧龙新能,432156.822548
600176,中国巨石,15957836.678504
600177,雅戈尔,3701829.268926
600178,东安动力,471140.92261
600179,安通控股,1784372.66469
600182,S佳通,221510.0
600183,生益科技,33161546.78375
600184,光电股份,1037254.89304
600185,珠免集团,1032983.17566
600186,莲花控股,2125496.289708
600188,兖矿能源,12852674.95512
600189,泉阳泉,569297.458352
600191,华资实业,501904.62
600192,长城电工,321150.796
600195,中牧股份,704592.2994
600196,复星医药,4732704.03505
600197,伊力特,458979.47549
600198,大唐电信,981670.152216
600199,金种子酒,495321.008472
600201,生物股份,1352911.22598
600202,哈空调,195887.083392
600203,福日电子,652286.8902
600206,有研新材,3828114.167304
600207,安彩高科,480386.836314
600208,衢州发展,2475821.114067
600210,紫江企业,926725.792538
600211,西藏药业,1226746.859976
600212,绿能慧充,436141.295681
600215,派斯林,306568.41248
600216,浙江医药,1206361.8543
600217,中再资环,538737.443725
600218,全柴动力,335847.537549
600219,南山铝业,5649981.167028
600221,海航控股,5569916.94129
600222,太龙药业,475458.70555
600223,福瑞达,577411.0642
600226,亨通股份,1698371.678904
600227,赤天化,548090.315487
600228,返利科技,428518.29231
600229,城市传媒,355460.787792
600230,沧州大化,605211.00393
600231,凌钢股份,496367.091675
600232,金鹰股份,241443.676128
600233,圆通速递,5813979.911724
600234,科新发展,582534.039087
600235,民丰特纸,206564.4
600236,桂冠电力,7787789.268376
600237,铜峰电子,505938.79395
600241,时代万恒,219843.679905
600246,万通发展,2257152.496344
600248,陕建股份,1074664.39294
600249,两面针,292600.0
600250,南京商旅,306848.367324
600251,冠农股份,841484.050389
600252,中恒集团,706884.20154
600255,鑫科材料,614089.9647
600256,广汇能源,4289033.988844
600257,大湖股份,283448.703732
600258,首旅酒店,1334340.73557
600259,中稀有色,2590220.07109
600261,阳光照明,428552.002086
600262,北方股份,368424.0
600266,城建发展,892569.70801
600267,海正药业,1373836.719744
600268,国电南自,1074394.1861
600269,赣粤高速,915479.549488
600271,航天信息,1274784.630944
600272,开开实业,281120.0
600273,嘉化能源,881199.729984
600276,恒瑞医药,29356168.464948
600278,东方创业,565360.757649
600279,重庆港,523408.030803
600280,中央商场,352040.453856
600281,华阳新材,246398.569975
600282,南钢股份,2922253.139214
600283,钱江水利,457633.116768
600284,浦东建设,506473.632
600285,羚锐制药,1110887.843046
600287,苏豪时尚,219271.629148
600288,大恒科技,487468.8
600292,电投水电,529336.717515
600293,三峡新材,338762.353432
600295,鄂尔多斯,2906072.669634
600298,安琪酵母,3598317.677258
600299,安迪苏,2639370.823249
600300,维维股份,528805.49286
600301,华锡有色,1238184.557457
600303,曙光股份,203253.6633
600305,恒顺醋业,752218.657256
600307,酒钢宏兴,926976.898752
600308,华泰股份,496016.547552
600309,万华化学,24311242.647516
600310,广西能源,656638.403456
600312,平高电气,2765405.627742
600313,农发种业,791087.222653
600315,上海家化,1251684.77476
600316,洪都航空,2322733.904368
600318,新力金融,376342.081888
600319,亚星化学,252786.518368
600320,振华重工,1367115.036287
600322,津投城开,302961.8
600323,瀚蓝环境,2445226.090854
600325,华发股份,723816.006508
600326,西藏天路,1028660.639365
600327,大东方,349487.90961
600328,中盐化工,936971.791587
600329,达仁堂,2039253.324176
600330,天通股份,3238998.776416
600331,宏达股份,2570480.0
600332,白云山,2845523.280776
600333,长春燃气,415358.926488
600335,国机汽车,770502.670056
600336,澳柯玛,528285.777078
600338,西藏珠峰,1232355.306464
600339,中油工程,1875937.550256
600343,航天动力,1164088.378752
600345,长江通信,985654.764723
600346,恒力石化,13388367.792972
600348,华阳股份,3207067.5
600350,山东高速,4916758.529025
600351,亚宝药业,460872.030636
600352,浙江龙盛,4073171.48872
600353,旭光电子,2590034.871875
600354,敦煌种业,457076.60128
600356,恒丰纸业,264377.26953
600358,国旅联合,265091.7465
600359,新农开发,284608.56372
600360,华微电子,927645.263664
600361,创新新材,1354956.637419
600362,江西铜业,9517084.59933
600363,联创光电,735399.06195
600366,宁波韵升,1236421.182375
600367,红星发展,1132701.654276
600368,五洲交通,698589.774372
600369,西南证券,2737784.959088
600371,万向德农,400831.86
600372,中航机载,5540536.64135
600373,中文传媒,999740.169498
600375,汉马科技,560208.64608
600376,首开股份,858995.225586
600377,宁沪高速,4722311.287242
600378,昊华科技,4906986.535725
600379,宝光股份,473178.841212
600380,健康元,1675779.301576
600382,广东明珠,425296.031376
600383,金地集团,1078985.473708
600386,北巴传媒,287078.4
600388,紫金龙净,2414358.002993
600389,江山股份,805746.15
600390,五矿资本,2262526.925877
600391,航发科技,1251520.430297
600392,盛和资源,3808892.13661
600395,盘江股份,1150590.943184
600396,华电辽能,2008772.098388
600397,江钨装备,1661152.681996
600398,海澜之家,2833634.47464
600399,抚顺特钢,883500.8
600400,红豆股份,655332.349672
600403,大有能源,1561200.498506
600405,动力源,309478.94194
600406,国电南瑞,18186568.063902
600408,安泰集团,307074.0
600409,三友化工,1480138.554216
600410,华胜天成,1592110.279716
600415,小商品城,7194429.704512
600416,湘电股份,1276551.76216
600418,江淮汽车,4648115.43809
600419,天润乳业,287749.949952
600420,国药现代,1138655.615508
600422,昆药集团,642672.417693
600425,青松建化,596949.779004
600426,华鲁恒升,5727373.084079
600428,中远海特,2851202.989778
600429,三元股份,703851.99022
600433,冠豪高新,588093.822288
600435,北方导航,1752822.631091
600436,片仔癀,7466050.47375
600438,通威股份,5127767.68066
600444,国机通用,208797.675032
600446,金证股份,1052337.041522
600448,华纺股份,190835.357586
600449,宁夏建材,601073.569794
600452,涪陵电力,1390570.19687
600455,博通股份,154833.382
600456,宝钛股份,1278054.916825
600458,时代新材,1000413.536265
600459,贵研铂业,1523970.753548
600460,士兰微,5048793.97773
600461,洪城环境,1145467.876304
600463,空港股份,252900.0
600467,好当家,357943.60448
600468,百利电气,685273.25223
600469,风神股份,440890.619032
600470,六国化工,315568.0
600475,华光环能,1403956.850481
600477,杭萧钢构,585024.172128
600478,科力远,806305.404016
600479,千金药业,550336.858855
600480,凌云股份,998451.371866
600481,双良节能,869028.742669
600482,中国动力,7480676.521664
600483,福能股份,3091523.029208
600486,扬农化工,2257369.285668
600487,亨通光电,15266587.011054
600488,津药药业,562321.6402
600489,中金黄金,12409120.16384
600490,鹏欣资源,1538303.709992
600493,凤竹纺织,173536.0
600495,晋西车轴,502607.408576
600496,精工钢构,664701.950066
600497,驰宏锌锗,4959734.395272
600498,烽火通信,4806729.10368
600499,科达制造,2798152.474469
600500,中化国际,1934097.097317
600501,航天晨光,644731.0694
600502,安徽建工,765574.136348
600503,华丽家族,354106.09
600505,西昌电力,386441.55
600506,统一股份,460807.037444
600507,方大特钢,985418.04114
600508,上海能源,1135245.4344
600509,天富能源,1023926.068215
600510,黑牡丹,700745.285303
600511,国药股份,1496802.07692
600512,腾达建设,330180.273904
600513,联环药业,444455.41239
600515,海南机场,2578459.514748
600516,方大炭素,2097530.561728
600517,国网英大,2887810.05072
600518,康美药业,1907484.601944
600519,贵州茅台,166260852.933
600520,三佳科技,387361.35
600521,华海药业,2394106.261404
600522,中天科技,10819050.39684
600523,贵航股份,495358.70412
600525,长园集团,672577.87752
600526,菲达环保,406415.1801
600527,江南高纤,391377.963852
600528,中铁工业,1546199.905248
600529,山东药玻,1267502.95583
600531,豫光金铅,1581715.608984
600533,栖霞建设,236250.0
600535,天士力,2200588.357365
600536,中国软件,2826247.24825
600538,国发股份,271010.545916
600539,狮头股份,323840.0
600540,新赛股份,355221.32256
600545,卓郎智能,727680.274354
600546,山煤国际,2610894.73638
600547,山东黄金,13698740.28513
600548,深高速,1452118.807601
600549,厦门钨业,7581634.13042
600550,保变电气,2044096.6128
600551,时代出版,545834.467395
600552,凯盛科技,1569936.657828
600556,天下秀,882180.849296
600557,康缘药业,708830.825112
600558,大西洋,430850.31888
600559,老白干酒,1069339.762036
600560,金自天正,255850.452
600561,江西长运,174384.2784
600562,国睿科技,3634917.89768
600563,法拉电子,2778300.0
600566,济川药业,2364682.883706
600567,山鹰国际,831531.386204
600569,安阳钢铁,525653.113638
600570,恒生电子,4171706.416226
600571,信雅达,504900.128409
600572,康恩贝,1111455.888142
600573,惠泉啤酒,254000.0
600575,淮河能源,1278579.890385
600576,祥源文旅,379063.907642
600577,精达股份,1780987.841724
600578,京能电力,3621789.969115
600579,中化装备,344039.729023
600580,卧龙电驱,4461059.511504
600582,天地科技,1961691.134808
600583,海油工程,2719133.202
600584,长电科技,12053496.54352
600585,海螺水泥,7111698.558672
600586,金晶科技,585360.4701
600587,新华医疗,768618.643583
600588,用友网络,3481920.359771
600589,大位科技,1203474.49046
600590,泰豪科技,733905.48501
600592,龙溪股份,597732.142216
600593,大连圣亚,532716.8
600594,益佰制药,292578.9247
600595,中孚实业,2549027.652504
600596,新安股份,1487255.947998
600597,光明乳业,973189.486278
600598,北大荒,2330538.360699
600600,青岛啤酒,3651289.480507
600601,方正科技,5458913.912683
600602,云赛智联,1921928.04911
600603,广汇物流,558439.176284
600604,市北高新,684023.034744
600605,汇通能源,578209.648487
600606,绿地控股,1883265.254076
600609,金杯汽车,437027.11693
600610,中毅达,605961.332775
600611,大众交通,783221.498364
600612,老凤祥,1071830.5494
600613,神奇制药,432346.620156
600615,鑫源智造,218057.5364
600616,金枫酒业,309080.2869
600617,国新能源,596582.343504
600618,氯碱化工,784332.614896
600619,海立股份,1082747.822856
600620,天宸股份,304197.961059
600621,华鑫股份,1458736.5265
600622,光大嘉宝,368922.608892
600623,华谊集团,1613389.87038
600626,申达股份,474147.335453
600628,新世界,416587.747296
600629,华建集团,2112191.560886
600630,龙头股份,299527.425885
600633,浙数文化,1327673.972184
600635,大众公用,1141669.6706
600637,东方明珠,2850891.044816
600638,新黄浦,340738.773716
600639,浦东金桥,814526.761474
600640,国脉文化,887329.05214
600641,先导基电,2758387.08288
600642,申能股份,4193997.874692
600643,爱建集团,663176.665572
600644,乐山电力,529163.54847
600645,中源协和,870988.04723
600648,外高桥,1061540.054703
600649,城投控股,1011671.111808
600650,锦江在线,435474.483625
600651,飞乐音响,1391400.548325
600653,申华控股,334777.414524
600654,中安科,755482.774298
600655,豫园股份,1765990.207942
600657,信达地产,998157.50825
600658,电子城,466449.963765
600660,福耀玻璃,11483120.641356
600661,昂立教育,252162.9704
600662,外服控股,974454.15312
600663,陆家嘴,3576385.670211
600664,哈药股份,1959400.683528
600665,天地源,315404.720165
600666,奥瑞德,900145.98765
600667,太极实业,3601635.630516
600668,尖峰集团,308849.644312
600671,天目药业,266433.926204
600673,东阳光,9163756.351131
600674,川投能源,7682380.360928
600675,中华企业,1402703.396792
600676,久事动娱,692175.751312
600679,上海凤凰,348849.670855
600681,百川能源,468933.0702
600682,南京新百,653037.814275
600683,京投发展,707442.605135
600684,珠江股份,312366.624618
600685,中船防务,2254018.136664
600686,金龙汽车,814565.865712
600688,上海石化,2110698.288
600689,上海三毛,192690.445038
600690,海尔智家,13592671.235
600691,潞化科技,715051.371552
600692,亚通股份,164991.804499
600693,东百集团,949765.390726
600694,大商股份,564402.48039
600697,欧亚集团,174331.88883
600698,湖南天雁,656887.327131
600699,均胜电子,2668522.116456
600702,舍得酒业,1183736.78459
600703,三安光电,6600471.775821
600704,物产中大,2559734.04555
600706,曲江文旅,219228.049655
600707,彩虹股份,3038756.263004
600708,光明地产,676484.442384
600710,苏美达,1398221.89438
600711,盛屯矿业,3560384.506752
600712,南宁百货,310800.110067
600713,南京医药,678442.012512
600714,金瑞矿业,619002.634404
600715,文投控股,486603.28097
600716,凤凰股份,344470.29712
600717,天津港,1261784.452568
600718,东软集团,971508.347824
600719,大连热电,301426.702
600720,中交设计,524705.88092
600721,百花医药,459149.87619
600722,金牛化工,1170149.84272
600724,宁波富达,742700.529296
600725,云维股份,404250.16
600726,华电能源,3999304.87128
600727,鲁北化工,408066.18022
600728,佳都科技,1010852.049714
600729,重百集团,375726.511488
600731,湖南海利,316342.67636
600732,爱旭股份,2288410.367536
600733,北汽蓝谷,2980158.270033
600736,苏州高新,773668.833504
600737,中粮糖业,3338742.083908
600738,丽尚国潮,332411.127652
600739,辽宁成大,1662368.993376
600740,山西焦化,994103.007752
600741,华域汽车,4911943.967072
600742,富维股份,576612.91488
600743,华远控股,499719.486162
600744,华银电力,1261328.174154
600746,江苏索普,835007.66206
600748,上实发展,712001.276312
600749,西藏旅游,351569.585833
600750,华润江中,1473966.477416
600751,海航科技,800261.795172
600754,锦江酒店,1774940.319417
600755,厦门国贸,1230255.446999
600756,浪潮软件,473184.17938
600757,长江传媒,889493.376499
600758,辽宁能源,484712.825598
600760,中航沈飞,13655421.093726
600761,安徽合力,1458954.742518
600763,通策医疗,1578263.089103
600764,中国海防,1329587.581206
600765,中航重机,2128469.483763
600768,富邦新材,200754.5472
600769,祥龙电业,558341.0508
600770,综艺股份,660400.0
600771,广誉远,672071.336593
600773,西藏城投,1022004.29301
600774,汉商集团,222708.012237
600775,南京熊猫,663776.466652
600776,东方通信,1251404.083776
600777,新潮能源,2571925.565964
600778,友好集团,179570.986914
600779,水井坊,1325521.195362
600780,通宝能源,725736.097059
600782,新钢股份,880782.60172
600783,鲁信创投,1157478.70217
600784,鲁银投资,512144.425966
600785,新华百货,360107.52288
600787,中储股份,996066.528138
600789,鲁抗医药,765806.033326
600790,轻纺城,501300.497376
600791,京能置业,329284.370688
600792,云煤能源,441749.5928
600793,宜宾纸业,269424.795046
600794,保税科技,392449.755339
600795,国电电力,9577727.447034
600796,钱江生化,161657.024391
600797,浙大网新,715158.35352
600798,宁波海运,406602.025737
600800,渤海化学,379527.733872
600801,华新建材,3327410.16952
600802,福建水泥,238747.4164
600803,新奥股份,5916145.637682
600805,悦达投资,386025.017072
600807,济高发展,211844.383441
600808,马钢股份,1539679.805988
600809,山西汾酒,14951881.504832
600810,神马股份,707893.22024
600812,华北制药,804677.54353
600814,杭州解百,529256.59056
600815,厦工股份,720282.35888
600816,建元信托,1367284.47975
600817,宇通重工,525785.403078
600819,耀皮玻璃,471975.728458
600820,隧道股份,1713532.37123
600821,金开新能,1188264.271612
600822,上海物贸,335141.130168
600824,益民集团,397368.206521
600825,新华传媒,554835.44835
600826,兰生股份,558345.530928
600827,百联股份,1257888.73728
600828,茂业商业,860486.009957
600829,人民同泰,584527.705776
600830,香溢融通,444781.969313
600831,广电网络,241721.97728
600833,第一医药,236917.700514
600834,申通地铁,380473.378285
600835,上海机电,1455740.2615
600838,上海九百,342353.211774
600839,四川长虹,3207396.248545
600841,动力新科,604954.20072
600843,上工申贝,336901.92014
600844,金煤科技,301119.412044
600845,宝信软件,3715388.280373
600846,同济科技,734094.7813
600847,万里股份,194368.4232
600848,上海临港,2070734.116145
600850,电科数字,1190891.955451
600851,海欣股份,627475.1935
600853,龙建股份,342630.29073
600854,春兰股份,246742.80555
600855,航天长峰,608866.925856
600857,宁波中百,466136.791682
600858,银座股份,263431.946761
600859,王府井,1138437.828832
600860,京城股份,376990.629012
600861,北京人力,738210.984272
600862,中航高科,2586892.191699
600863,华能蒙电,3333889.426904
600864,哈投股份,1202569.76056
600865,百大集团,427032.75866
600866,星湖科技,727725.005808
600867,通化东宝,1570751.348858
600868,梅雁吉祥,533379.778799
600869,远东股份,4705027.82152
600871,石化油服,2993889.729571
600872,中炬高新,1427098.69545
600873,梅花生物,2192916.9703
600874,创业环保,690264.545685
600875,东方电气,5674260.053665
600876,凯盛新能,278950.848915
600877,电科芯片,1423239.509384
600879,航天电子,4744392.442292
600880,博瑞传播,449235.401925
600881,亚泰集团,601180.083768
600882,妙可蓝多,1076396.370699
600883,博闻科技,188398.224
600884,杉杉股份,2119551.75663
600885,宏发股份,5528006.886036
600886,国投电力,10622206.210725
600887,伊利股份,16905495.230606
600888,新疆众和,1532895.831663
600892,大晟文化,274625.892176
600893,航发动力,10671159.531032
600894,广日股份,626456.322635
600895,张江高科,4618192.2381
600897,厦门空港,645413.832
600900,长江电力,69538674.748872
600901,江苏金租,3902764.938494
600903,贵州燃气,785690.04375
600905,三峡能源,10520255.252256
600906,财达证券,1414740.4767
600908,无锡银行,1161600.658365
600909,华安证券,4144972.65435
600916,中国黄金,1355760.0
600917,重庆燃气,764909.4824
600918,中泰证券,2587121.243721
600919,江苏银行,22535426.440564
600925,苏能股份,674540.40612
600926,杭州银行,12504529.3953
600927,永安期货,1868172.716928
600928,西安银行,1583560.755628
600929,雪天盐业,990628.406624
600930,华电新能,4200589.415476
600933,爱柯迪,1320443.637984
600935,华塑股份,813717.220384
600936,北投科技,910709.300255
600938,中国海油,9989590.0
600939,重庆建工,513668.23488
600941,中国移动,9054761.70601
600955,维远股份,697950.0
600956,新天绿能,1678883.404055
600958,东方证券,6924210.614928
600959,江苏有线,1570225.353404
600960,渤海汽车,384008.269272
600961,株冶集团,1907348.053726
600962,国投中鲁,676239.59
600963,岳阳林纸,602845.773922
600966,博汇纸业,637674.725376
600967,内蒙一机,2324651.515122
600968,海油发展,4015216.158605
600969,郴电国际,376711.392712
600970,中材国际,2045014.08072
600971,恒源煤电,1072804.366296
600973,宝胜股份,832419.312536
600975,新五丰,698560.91266
600976,健民集团,430002.573
600977,中国电影,2369223.0
600979,广安爱众,491707.836576
600980,北矿科技,364900.078128
600981,苏豪汇鸿,556123.431616
600982,宁波能源,545402.21268
600983,惠而浦,583260.079
600984,建设机械,466363.296175
600985,淮北矿业,4589312.840136
600986,浙文互联,1124454.790872
600987,航民股份,665573.905196
600988,赤峰黄金,7602411.086082
600989,宝丰能源,17893398.4
600990,四创电子,508164.982744
600992,贵绳股份,244599.82
600993,马应龙,992313.229596
600995,南网储能,3988615.24464
600996,贵广网络,882734.296632
600997,开滦股份,874877.717901
600998,九州通,2546447.46817
600999,招商证券,13760397.774288
601000,唐山港,2779260.519966
601001,晋控煤业,2815163.4
601002,晋亿实业,515397.9888
601003,柳钢股份,993101.607667
601005,重庆钢铁,997636.38804
601006,大秦铁路,9593777.211774
601007,金陵饭店,276900.0
601008,连云港,554565.188682
601009,南京银行,14811553.55951
601011,宝泰隆,555542.71631
601012,隆基绿能,8919378.505554
601015,陕西黑猫,749596.633513
601016,节能风电,2016778.925504
601018,宁波港,6750672.774453
601019,山东出版,1485872.8
601020,华钰矿业,1853940.182178
601021,春秋航空,4293905.393547
601022,宁波远洋,1092708.83389
601026,道生天合,164184.64982
601033,永兴股份,351120.0
601038,一拖股份,1067557.996225
601058,赛轮轮胎,5050521.997824
601059,信达证券,5552016.0
601061,中信金属,5654600.0
601065,江盐集团,442229.942352
601066,中信建投,16421056.37648
601068,中铝国际,1164613.753485
601069,西部黄金,2661565.329
601077,渝农商行,6116063.747028
601083,锦江航运,256820.76
601086,国芳集团,842490.0
601088,中国神华,78513831.703755
601089,福元医药,781440.0
601096,宏盛华源,688407.170679
601098,中南传媒,1824736.0
601099,太平洋,2440241.26046
601100,恒立液压,13278150.283776
601101,昊华能源,1995837.125436
601106,中国一重,2077908.226881
601107,四川成渝,1252226.46
601108,财通证券,4063297.86625
601111,中国国航,6819932.151764
601112,振石股份,282696.4595
601113,华鼎股份,383140.822422
601116,三江购物,622162.6624
601117,中国化学,4488692.762204
601118,海南橡胶,3008437.741291
601121,宝地矿业,579200.0
601123,C马矿,168082.764532
601126,四方股份,3378724.713
601127,赛力斯,7711271.197184
601128,常熟银行,2342131.074648
601133,柏诚股份,1220772.340032
601136,首创证券,4247600.7252
601137,博威合金,1889505.226056
601138,工业富联,126387023.7568
601139,深圳燃气,1855500.173475
601155,新城控股,2742837.392896
601156,东航物流,1818346.4453
601158,重庆水务,1977612.409028
601162,天风证券,3293022.691542
601163,三角轮胎,995200.0
601166,兴业银行,38558730.032686
601168,西部矿业,9243657.0
601169,北京银行,11840071.19232
601177,杭齿前进,562578.267
601179,中国西电,6458611.76352
601186,中国铁建,7028483.0005
601187,厦门银行,1896033.66624
601188,龙江交通,385113.624925
601198,东兴证券,4580375.30184
601199,江南水务,547098.02082
601200,上海环境,936976.254696
601208,东材科技,4659973.916059
601211,国泰海通,24033584.630888
601212,白银有色,5405485.39303
601216,君正集团,4067124.38198
601218,吉鑫科技,436065.0804
601222,林洋能源,1210443.552508
601225,陕西煤业,25439680.0
601226,华电科工,753120.9576
601228,广州港,2353893.781512
601229,上海银行,13654886.226257
601231,环旭电子,5907837.931694
601233,桐昆股份,6174147.772
601236,红塔证券,3336889.164966
601238,广汽集团,3817371.656615
601279,英利汽车,537581.448915
601288,农业银行,222193970.70079
601298,青岛港,4966101.075
601311,骆驼股份,898629.926388
601318,中国平安,62084219.043392
601319,中国人保,28362707.509817
601326,秦港股份,1703206.122
601328,交通银行,19345750.160198
601330,绿色动力,783363.426912
601333,广深铁路,1769150.181
601336,新华保险,12981859.8915
601339,百隆东方,1127675.888
601360,三六零,6285602.975342
601366,利群股份,364701.62294
601368,绿城水务,399986.803881
601369,陕鼓动力,1458810.65466
601375,中原证券,1427273.1558
601377,兴业证券,5147048.427224
601388,怡球资源,748415.68944
601390,中国中铁,8922201.024431
601398,工商银行,219194728.79421
601399,国机重装,2308337.8848
601456,国联民生,3908644.583981
601500,通用股份,626868.29106
601512,中新集团,1287546.51
601515,衢州东峰,638924.262772
601518,吉林高速,544479.312672
601519,大智慧,1780298.2
601528,瑞丰银行,961289.318948
601555,东吴证券,4208491.302939
601566,九牧王,603943.64465
601567,三星电气,1881575.3866
601568,北元化工,1513416.667344
601577,长沙银行,4040787.043125
601579,会稽山,1154068.425463
601588,北辰实业,470820.0
601595,上海电影,840375.0
601598,中国外运,3357513.117777
601599,浙文影业,382979.00949
601600,中国铝业,12767629.688135
601601,中国太保,23416886.817555
601606,长城军工,2521039.0604
601607,上海医药,4635662.87331
601608,中信重工,2198185.64976
601609,金田股份,2306003.349462
601611,中国核建,3194664.26472
601615,明阳智能,2105453.433286
601616,广电电气,326103.971858
601618,中国中冶,4552417.88835
601619,嘉泽新能,1053831.525344
601628,中国人寿,81565767.01
601633,长城汽车,9282569.836068
601636,旗滨集团,1718977.815968
601658,邮储银行,39310067.92791
601665,齐鲁银行,4436920.460525
601666,平煤股份,2296509.55137
601668,中国建筑,18180971.79536
601669,中国电建,6052116.46855
601677,明泰铝业,2070078.893955
601678,滨化股份,1228045.101876
601686,友发集团,775177.998824
601688,华泰证券,14292018.855336
601689,拓普集团,7962762.62756
601696,中银证券,3366936.0
601698,中国卫通,10138524.9888
601699,潞安环能,4935825.18
601700,风范股份,874565.6064
601702,华峰铝业,1572685.695
601717,中创智领,2231513.81131
601727,上海电气,8364169.078668
601728,中国电信,49527766.909962
601766,中国中车,15204873.78
601777,千里科技,3648527.757297
601778,晶科科技,1332849.930284
601788,光大证券,5723313.799135
601789,宁波建工,470583.78947
601798,蓝科高新,276177.466242
601799,星宇股份,2180305.325808
601800,中国交建,6998555.228163
601801,皖新传媒,1025955.968188
601808,中海油服,3700585.0
601811,新华文轩,909897.5811
601816,京沪高铁,23973582.8913
601818,光大银行,14154078.746105
601825,沪农商行,8498501.576497
601827,三峰环境,1344234.3732
601828,美凯龙,794728.49258
601838,成都银行,8260710.508844
601857,中国石油,180866960.92271
601858,中国科传,1699575.0
601860,紫金银行,937645.621704
601865,福莱特,1882015.28757
601866,中远海发,2369344.36368
601868,中国能建,8042324.453728
601869,长飞光纤,15392095.33432
601872,招商轮船,15503113.92384
601877,正泰电器,5559382.740912
601878,浙商证券,4294659.241933
601880,辽港股份,2706718.528458
601881,中国银河,9003568.105389
601882,海天精工,1181286.0
601886,江河集团,1525020.77276
601888,中国中免,10660516.47024
601890,亚星锚链,877851.0
601898,中煤能源,13892736.6072
601899,紫金矿业,68706980.1219
601900,南方传媒,1098052.76703
601901,方正证券,5696614.16534
601908,京运通,717137.049717
601916,浙商银行,6398697.481011
601918,新集能源,2714887.8064
601919,中远海控,20165798.36579
601921,浙版传媒,1673333.333919
601928,凤凰传媒,2201338.5
601929,吉视传媒,879426.618336
601933,永辉超市,2820311.74414
601939,建设银行,10533836.051388
601949,中国出版,1110013.375482
601952,苏垦农发,1284296.0
601956,东贝集团,310808.295
601958,金钼股份,6769416.0312
601963,重庆银行,2306631.655944
601965,中国汽研,1402760.046435
601966,玲珑轮胎,1573265.384225
601968,宝钢包装,591961.66944
601969,海南矿业,1877797.738432
601975,招商南油,2096794.415744
601985,中国核电,17146022.659236
601988,中国银行,138472943.25382
601990,南京证券,2898731.488
601991,大唐发电,6917017.721148
601992,金隅集团,1175116.315224
601995,中金公司,9910808.8716
601996,丰林集团,316097.865312
601997,贵阳银行,2054783.318712
601998,中信银行,36238306.366143
601999,出版传媒,393904.0105
603000,人民网,1853138.209856
603001,奥康国际,359679.06
603002,宏昌电子,1713592.627099
603004,鼎龙科技,111813.12
603005,晶方科技,1884776.23034
603006,联明股份,274594.59
603007,顺景科技,357275.760906
603009,北特科技,1537970.7786
603010,万盛股份,662102.81988
603011,合锻智能,1196482.93754
603012,创力集团,651672.0
603013,亚普股份,752673.174284
603014,威高血净,318053.620188
603015,弘讯科技,441407.148
603016,新宏泰,488928.0
603017,中衡设计,274809.341535
603018,华设集团,434967.443037
603019,中科曙光,12097996.370536
603020,爱普股份,383901.805028
603022,新通联,183000.0
603023,威帝股份,240548.602417
603025,大豪科技,1489621.720139
603026,石大胜华,1410400.845854
603027,千禾味业,998053.959
603028,赛福天,199822.0
603029,天鹅股份,202277.114
603030,全筑股份,279189.90624
603031,安孚科技,1291619.400464
603032,德新科技,447365.5536
603033,三维股份,751298.015356
603035,常熟汽饰,394189.45808
603036,如通股份,291498.525375
603037,凯众股份,274666.879464
603038,华立股份,433107.494872
603039,泛微网络,1218251.01816
603040,新坐标,968594.889576
603041,美思德,206407.448884
603042,华脉科技,292899.809176
603043,广州酒家,782933.69904
603045,福达合金,676954.88469
603048,浙江黎明,347371.2
603049,中策橡胶,2533485.974454
603050,科林电气,746140.50705
603051,鹿山新材,342338.473728
603052,可川科技,1034938.229256
603053,成都燃气,788445.43
603055,台华新材,833394.149952
603057,紫燕食品,852428.0
603058,永吉股份,418810.20166
603059,倍加洁,251322.6474
603060,国检集团,447807.978635
603061,金海通,2682297.0
603062,麦加芯彩,141545.0958
603063,禾望电气,1430149.625996
603065,宿迁联盛,601218.46582
603066,音飞储存,268586.407562
603067,振华股份,2791666.36778
603068,博通集成,602595.65643
603069,海汽集团,438608.0
603070,万控智造,473581.0
603071,物产环能,708044.186898
603072,天和磁材,399013.03
603073,彩蝶实业,86416.055904
603075,热威股份,81197.721585
603076,乐惠国际,251903.704928
603077,和邦生物,2031292.77744
603078,江化微,1215914.242944
603079,圣达生物,243470.155712
603080,新疆火炬,291065.5
603081,大丰实业,424611.644745
603082,北自科技,177842.0065
603083,剑桥科技,5191258.182201
603085,天成自控,402262.3
603086,先达股份,267410.082945
603087,甘李药业,3935530.27487
603088,宁波精达,447942.89232
603089,正裕工业,232832.26996
603090,宏盛股份,424500.0
603091,众鑫股份,228454.80573
603092,德力佳,144094.653872
603093,南华期货,1189870.59751
603095,越剑智能,394635.3376
603096,新经典,242302.594304
603097,江苏华辰,426885.8592
603098,森特股份,584597.97613
603099,长白山,1048570.061
603100,川仪股份,967320.562906
603101,汇嘉时代,361737.6
603102,百合股份,247680.0
603103,横店影视,1011549.0
603105,芯能科技,396509.020375
603106,恒银科技,420580.16
603107,上海汽配,262899.66759
603108,润达医疗,596743.974288
603109,神驰机电,362769.60132
603110,东方材料,521177.23588
603111,康尼机电,525172.187892
603112,华翔股份,877289.333781
603113,金能科技,475154.74496
603115,海星股份,1899917.6368
603116,红蜻蜓,367039.9096
603117,万林物流,243873.480994
603118,共进股份,1280111.436156
603119,浙江荣泰,2220077.54976
603120,肯特催化,173278.8
603121,华培动力,451942.509525
603122,合富中国,539759.370348
603123,翠微股份,729244.510982
603124,江南新材,925174.62401
603125,常青科技,923026.935
603126,中材节能,387667.5
603127,昭衍新药,2695415.569916
603128,华贸物流,733066.03664
603129,春风动力,4551377.854002
603130,云中马,525029.2156
603131,上海沪工,490200.0051
603132,金徽股份,1930572.0
603135,中重科技,567213.81008
603136,天目湖,253378.85398
603137,恒尚节能,367878.934674
603138,海量数据,442029.58905
603139,康惠股份,365161.28
603150,万朗磁塑,568547.433
603151,邦基科技,310533.9034
603153,上海建科,535816.284263
603155,新亚强,616778.98842
603156,养元饮品,5095302.199338
603158,腾龙股份,545736.404576
603159,上海亚虹,312340.0
603160,汇顶科技,2425440.239775
603161,科华控股,329041.59375
603162,海通发展,618446.558736
603163,圣晖集成,762000.0
603165,荣晟环保,462525.271062
603166,福达股份,708631.510006
603167,渤海轮渡,382352.769945
603168,莎普爱思,218293.20693
603169,兰石重装,863458.878478
603170,宝立食品,514812.87
603171,税友股份,1819198.98
603172,万丰股份,251688.06
603173,福斯达,481440.0
603175,超颖电子,400173.312
603176,汇通集团,253537.535745
603177,德创环保,215626.752
603178,圣龙股份,413720.79175
603179,新泉股份,2817513.67425
603180,金牌家居,242646.48122
603181,皇马科技,750592.5
603182,XD嘉华股,225762.6
603183,建研院,242610.786488
603185,弘元绿能,1003594.814556
603186,华正新材,2652425.193006
603187,海容冷链,420598.0801
603188,亚邦股份,278242.96
603190,亚通精工,279048.0
603191,望变电气,521344.12962
603192,汇得科技,313360.695369
603193,润本股份,225686.509776
603194,中力股份,541874.284677
603195,公牛集团,7074641.98515
603196,璞源材料,446722.91157
603197,保隆科技,639157.488429
603198,迎驾贡酒,3284000.0
603199,九华旅游,377308.12
603200,上海洗霸,721223.22333
603201,常润股份,293268.333294
603202,天有为,264173.602292
603203,快克智能,1337563.7009
603205,健尔康,92890.98
603206,嘉环科技,428195.583164
603207,小方制药,137708.629812
603208,江山欧派,199798.938192
603209,兴通股份,467770.273635
603210,泰鸿万立,315510.69
603211,晋拓股份,564817.024
603212,赛伍技术,487802.05914
603213,镇洋发展,616177.684475
603214,爱婴室,192432.110004
603215,比依股份,268485.49692
603216,梦天家居,492144.9
603217,元利科技,603454.04
603218,日月股份,950737.326
603219,富佳股份,730942.8
603220,中贝通信,983144.593431
603221,爱丽家居,668180.66
603222,济民健康,422697.945075
603223,恒通股份,726291.036597
603225,新凤鸣,3327080.08592
603226,菲林格尔,1225735.62296
603227,雪峰科技,825203.37053
603228,景旺电子,9460690.592466
603229,奥翔药业,646801.475955
603230,内蒙新华,346452.54
603231,索宝蛋白,177357.923958
603232,格尔软件,368692.19203
603233,大参林,2139907.64308
603235,天新药业,1085694.4
603236,移远通信,2520155.187286
603237,五芳斋,308056.640898
603238,诺邦股份,220821.196
603239,浙江仙通,385776.0
603248,锡华科技,126849.783074
603255,鼎际得,185059.5064
603256,宏和科技,10917453.804705
603257,中国瑞林,178433.4
603258,电魂网络,330637.6495
603259,XD药明康,38046470.024218
603260,合盛硅业,3888278.628949
603261,立航科技,447358.986984
603262,技源集团,200556.415862
603266,天龙股份,330350.89175
603267,鸿远电子,1097634.237
603268,松发股份,4492390.99392
603269,海鸥股份,1183962.58809
603270,金帝股份,235981.517779
603271,永杰新材,388139.887584
603273,天元智能,81621.0304
603275,众辰科技,150609.401838
603276,恒兴新材,124565.731533
603277,银都股份,692061.738375
603278,大业股份,314760.400032
603279,景津装备,654759.728
603280,南方路机,297576.300915
603281,江瀚新材,980223.61437
603282,亚光股份,223211.76
603283,赛腾股份,1540539.68191
603284,林平发展,78205.1476
603285,键邦股份,195798.77954
603286,日盈电子,503186.571405
603288,海天味业,19125783.01536
603289,泰瑞机器,264644.882348
603290,斯达半导,2049892.86896
603291,联合水务,377089.558164
603293,埃泰克,134910.988284
603296,华勤技术,6067732.795498
603297,永新光学,1190891.4705
603298,杭叉集团,3358358.093636
603299,苏盐井神,843367.361834
603300,海南华铁,979602.22633
603301,振德医疗,2143466.575675
603303,得邦照明,1181391.712275
603305,旭升集团,1299016.416944
603306,华懋科技,2358200.703429
603307,扬州金泉,241029.15
603308,应流股份,3191997.441822
603309,维力医疗,328939.088086
603310,巍华新材,279762.42
603311,金海高科,629810.03169
603312,西典新能,162891.4805
603313,梦百合,366887.367055
603315,福鞍股份,375148.895144
603316,诚邦股份,351999.648
603317,天味食品,1439114.488115
603318,水发燃气,428772.243016
603319,美湖股份,988960.461048
603320,迪贝电气,264883.656528
603321,梅轮电梯,222933.211443
603322,超讯科技,428005.737936
603323,苏农银行,1005839.198193
603324,盛剑科技,371989.971
603325,博隆技术,185956.608
603326,我乐家居,241297.75908
603327,福蓉科技,960777.15184
603328,依顿电子,1046367.856328
603329,上海雅仕,212987.310696
603330,天洋新材,456038.026046
603331,百达精工,253528.247544
603332,苏州龙杰,254640.635568
603333,福华尚纬,616555.365312
603334,丰倍生物,98981.763033
603335,迪生力,274868.8332
603336,宏辉果蔬,556369.11573
603337,杰克科技,1772845.086636
603338,浙江鼎力,2932260.567289
603339,四方科技,388039.23345
603341,龙旗科技,997678.096961
603344,星德胜,130538.84768
603345,安井食品,2247513.699816
603348,文灿股份,462595.949432
603350,安乃达,124695.837
603351,威尔药业,347943.130108
603352,至信股份,117640.00173
603353,和顺石油,578228.274
603355,莱克电气,1567667.075388
603356,华菱精工,222277.78
603357,设计总院,341931.38433
603358,华达科技,2142615.78352
603360,百傲化学,920209.421162
603363,傲农生物,704081.411104
603365,水星家纺,441315.953
603366,日出东方,636616.663083
603367,辰欣药业,655587.978792
603368,柳药集团,622827.40464
603369,今世缘,3852612.11433
603370,华新精科,112352.89
603373,安邦护卫,258860.75457
603375,盛景微,276809.23186
603376,大明电子,89410.2352
603379,三美股份,3574965.240672
603380,易德龙,532985.6664
603381,永臻股份,213348.666686
603382,海阳科技,224158.104726
603383,顶点软件,600725.850075
603385,惠达卫浴,216217.701824
603386,骏亚科技,452609.39072
603387,基蛋生物,470131.310259
603389,亚振家居,1160575.584
603390,通达电气,390043.178448
603391,力聚热能,160342.0
603392,万泰生物,3498574.888668
603393,新天然气,1128054.651147
603395,红四方,175890.0
603396,金辰股份,399790.301508
603399,永杉锂业,709522.548865
603400,华之杰,194193.202
603402,陕西旅游,182895.271518
603406,天富龙,172929.896405
603407,长裕集团,187855.630152
603408,建霖家居,536192.454
603409,汇通控股,97573.079732
603416,信捷电气,657680.86356
603418,友升股份,182087.022024
603421,鼎信通讯,382835.829957
603435,嘉德利,169515.8245
603439,三力制药,493896.584168
603444,吉比特,2880923.62899
603456,九洲药业,1328737.012196
603458,勘设股份,305206.140458
603459,红板科技,674233.296882
603466,风语筑,736992.501588
603468,津富士达,93453.297438
603477,巨星农牧,825804.646247
603486,科沃斯,3000617.514048
603488,展鹏科技,235052.3042
603489,八方股份,660214.992906
603496,恒为科技,715987.867348
603499,翔港科技,581646.936458
603500,祥和实业,315313.397412
603501,豪威集团,9686632.946625
603505,金石资源,1290278.290329
603506,南都物业,215381.112513
603507,振江股份,529556.891994
603508,思维列控,814020.794895
603511,爱慕股份,509994.998928
603515,欧普照明,1141300.099303
603516,淳中科技,1893850.555443
603518,锦泓集团,279388.075008
603519,立霸股份,415471.42884
603520,司太立,384923.875518
603527,众源新材,311899.6608
603528,多伦科技,448971.563316
603529,爱玛科技,1845311.282649
603530,神马电力,2094577.3926
603533,掌阅科技,1053352.404
603535,嘉诚国际,326987.73184
603536,惠发食品,241494.38904
603538,美诺华,920465.306132
603551,奥普科技,364834.567251
603556,海兴电力,1225385.7084
603558,健盛集团,419388.971976
603559,中通国脉,424149.766803
603565,中谷物流,2604078.24772
603566,普莱柯,366826.00938
603567,珍宝岛,518550.617184
603568,伟明环保,2955924.054174
603569,长久物流,361500.843349
603577,汇金通,348634.9948
603578,三星新材,225085.575936
603579,荣泰健康,366317.407208
603580,艾艾精工,896679.4984
603583,捷昌驱动,1002251.51601
603585,苏利股份,288668.547726
603586,金麒麟,272121.25864
603587,地素时尚,614040.920313
603588,高能环境,2240677.886247
603589,口子窖,1160351.77568
603590,康辰药业,475700.656431
603596,伯特利,2689334.916688
603598,引力传媒,506254.3042
603599,广信股份,980360.084565
603600,永艺股份,343650.4968
603601,再升科技,1036103.260697
603602,纵横通信,273572.072896
603605,珀莱雅,2496233.3344
603606,东方电缆,2810122.518616
603607,京华激光,392915.4768
603608,天创时尚,890437.18798
603609,禾丰股份,606595.227843
603610,麒盛科技,499836.135336
603611,诺力股份,420662.091703
603612,索通发展,845283.266923
603613,国联股份,1490072.197284
603615,茶花股份,437694.2
603616,韩建河山,222889.94
603617,君禾股份,269934.983226
603618,杭电股份,2520755.495936
603619,中曼石油,1053207.014158
603626,科森科技,994899.28417
603628,清源股份,268363.241578
603629,利通电子,3908438.039
603630,拉芳家化,329023.89138
603633,徕木股份,283829.19397
603636,南威软件,412055.97133
603637,镇海股份,350390.867436
603638,艾迪精密,1628403.296601
603639,海利尔,362310.306176
603648,畅联股份,338131.1424
603650,彤程新材,3512978.651808
603655,朗博科技,310050.0
603656,泰禾智能,314848.961118
603657,春光科技,341354.87625
603658,安图生物,1884558.884864
603659,璞泰来,4813693.472875
603660,苏州科达,581779.564528
603661,恒林股份,428048.321418
603662,柯力传感,1411170.0867
603663,三祥新材,2265897.66114
603665,康隆达,355892.644954
603666,亿嘉和,527802.11856
603667,五洲新春,1788900.53145
603668,天马科技,603415.501276
603669,灵康药业,371836.86813
603676,卫信康,395126.642
603677,奇精机械,260396.36948
603678,火炬电子,2072994.944529
603679,华体科技,383979.914937
603680,今创集团,785286.204534
603681,永冠新材,442913.02929
603682,锦和商管,502267.5
603683,晶华新材,461204.595657
603685,晨丰科技,559470.379419
603686,福龙马,569970.514288
603687,大胜达,893801.779
603688,石英股份,2436468.943922
603689,皖天然气,405672.172875
603690,至纯科技,891923.73825
603693,江苏新能,1001127.41324
603696,安记食品,355857.6
603697,有友食品,424698.253314
603698,航天工程,1160954.34
603699,纽威股份,3458647.125136
603700,宁水集团,232355.767308
603701,德宏股份,533178.27804
603703,盛洋科技,423696.74452
603706,东方环宇,328957.774218
603707,健友股份,1274748.65478
603708,家家悦,601315.03185
603709,中源家居,200537.648883
603711,香飘飘,482236.9488
603712,七一二,918680.0
603713,密尔克卫,1101553.222318
603716,塞力医疗,391295.40441
603717,天域生物,189755.64096
603719,良品铺子,384053.981
603721,中广天择,273780.0
603722,阿科力,284006.750829
603725,天安新材,321319.99472
603726,朗迪集团,448612.749
603727,博迈科,511883.926309
603728,鸣志电器,2099857.9725
603730,岱美股份,2329075.550204
603733,仙鹤股份,1538070.57886
603737,三棵树,2176266.419344
603738,泰晶科技,1323594.09756
603739,蔚蓝生物,321852.717552
603755,日辰股份,247717.566672
603757,大元泵业,1350788.702419
603758,秦安股份,495917.876105
603759,海天股份,347705.28
603766,隆鑫通用,3033081.31245
603767,中马传动,436713.5725
603768,常青股份,276742.661691
603773,沃格光电,1892468.125759
603776,永安行,567697.876584
603777,来伊份,469865.95323
603778,国晟科技,693642.856218
603779,威龙股份,278285.347852
603786,科博达,1596041.6784
603787,新日股份,237508.39128
603788,宁波高发,305599.14316
603790,雅运股份,459838.08
603797,联泰环保,276193.88601
603798,康普顿,365953.65055
603799,华友钴业,7186120.598979
603800,洪田股份,1167920.0
603801,志邦家居,272338.379841
603803,瑞斯康达,458874.24156
603806,福斯特,3780072.522198
603808,歌力思,315720.446244
603809,豪能股份,815375.883002
603810,丰山集团,201717.45838
603811,诚意药业,330380.980608
603813,原尚股份,289316.325
603815,交建股份,335456.93537
603816,顾家家居,1936899.941404
603817,海峡环保,334069.246854
603818,曲美家居,261573.208755
603819,神力股份,370576.778274
603823,百合花,2196756.006304
603826,坤彩科技,1345780.8
603829,洛凯股份,290947.740358
603833,欧派家居,1895926.15791
603836,海程邦达,261077.854752
603839,安正时尚,268976.259
603848,好太太,545663.228916
603855,华荣股份,572418.445
603856,东宏股份,330851.75838
603858,步长制药,1566034.13637
603859,能科科技,926180.798285
603860,中公高科,177235.44
603861,白云电器,617917.592782
603863,松炀资源,253970.65
603866,桃李面包,694278.11327
603867,新化股份,627217.048644
603868,飞科电器,1380416.4
603871,嘉友国际,1913844.112542
603876,鼎胜新材,1841807.616166
603877,太平鸟,595571.59764
603878,武进不锈,287308.792832
603879,永悦科技,188296.48656
603880,南卫股份,279503.614
603881,数据港,2130993.530328
603882,金域医学,1228559.32059
603883,老百姓,1022225.147892
603885,吉祥航空,2223230.3997
603886,元祖股份,303360.0
603887,城地香江,580958.391265
603888,新华网,1229103.04716
603889,新澳股份,586951.572788
603890,春秋电子,988375.901548
603893,瑞芯微,7996392.495
603895,天永智能,288897.84
603896,寿仙谷,294788.735806
603897,长城科技,615384.765061
603898,好莱客,348566.428602
603899,晨光股份,2120982.093132
603900,莱绅通灵,238535.79264
603901,永创智能,562072.357236
603903,中持股份,346979.17332
603906,龙蟠科技,1052803.46061
603908,牧高笛,181504.499612
603909,建发合诚,256502.36976
603912,佳力图,496228.55535
603915,国茂股份,885797.21552
603916,苏博特,470767.12592
603917,合力科技,269476.48
603918,金桥信息,414031.934484
603919,金徽酒,899879.234678
603920,世运电路,2589088.194981
603926,铁流股份,390348.091201
603927,中科软,1164287.04
603928,兴业股份,386699.04
603929,亚翔集成,3205947.36
603931,格林达,665128.08054
603933,睿能科技,394334.6925
603936,博敏电子,1007376.010392
603937,丽岛新材,242314.70956
603938,三孚股份,1510984.138653
603939,益丰药房,2776378.79294
603948,建业股份,319453.702322
603949,雪龙集团,311734.421342
603950,长源东谷,2109681.3632
603955,大千生态,287319.24
603956,威派格,347072.928174
603958,哈森股份,454294.56
603960,克来机电,428431.3686
603966,法兰泰克,384056.124384
603967,中创物流,404213.38386
603968,醋化股份,218589.12
603969,银龙股份,672727.502
603970,中农立华,299443.349276
603976,正川股份,614723.242878
603977,国泰集团,733065.35704
603978,深圳新星,462296.51481
603979,金诚信,4961646.18132
603980,吉华集团,537405.68784
603982,泉峰汽车,213579.181692
603983,丸美生物,1334528.0
603985,恒润股份,782963.813328
603986,兆易创新,24942673.144476
603987,康德莱,330650.69616
603988,中电电机,455112.0
603989,艾华集团,1256954.11872
603990,麦迪科技,632773.778463
603991,领先股份,1429002.50808
603992,松霖科技,918868.73468
603993,洛阳钼业,32267636.341248
603995,甬金股份,899206.399839
603997,继峰股份,1454198.739552
603998,方盛制药,474207.8688
603999,读者传媒,347328.0
605001,威奥股份,248696.838
605003,众望布艺,255530.0
605005,合兴股份,640798.0
605006,山东玻纤,958833.112968
605007,五洲特纸,702848.689543
605008,长鸿高科,870111.371658
605009,豪悦护理,536103.887782
605011,杭州热电,686171.5
605016,百龙创园,934527.412
605018,长华集团,555147.701533
605020,永和股份,1657637.461152
605028,世茂能源,396480.0
605033,美邦股份,270129.6
605050,福然德,516484.981688
605055,迎丰股份,416240.0
605056,咸亨国际,551841.8976
605058,澳弘电子,392615.30464
605060,联德股份,978946.632
605066,天正电气,351703.1875
605068,明新旭腾,343049.816925
605069,正和生态,226093.226904
605077,华康股份,336259.528394
605080,浙江自然,325193.7304
605086,龙高股份,439398.4
605088,冠盛股份,458118.494361
605089,味知香,295182.0
605090,九丰能源,2364670.2553
605098,行动教育,681877.7898
605099,共创草坪,1196325.8496
605100,华丰股份,774618.0288
605108,同庆楼,344500.0
605111,新洁能,2241134.531532
605116,奥锐特,797743.871576
605117,德业股份,11003703.666224
605118,力鼎光电,1422044.643
605122,四方新材,201654.18
605123,派克新材,987179.257124
605128,上海沿浦,799724.234421
605133,嵘泰股份,698524.445312
605136,丽人丽妆,348398.895
605138,盛泰集团,333898.57968
605151,西上海,254038.371136
605155,西大门,270084.284052
605158,华达新材,401464.7
605162,新中港,472959.860148
605166,聚合顺,276021.696952
605167,利柏特,818401.68837
605168,三人行,1006018.657192
605169,洪通燃气,356994.56
605177,东亚药业,249694.241511
605178,时空科技,645109.88
605179,一鸣食品,1150068.0
605180,华生科技,222404.0
605183,确成股份,642565.07531
605186,健麾信息,348432.0
605188,国光连锁,726077.495
605189,富春染织,329717.155576
605196,华通线缆,1745793.20814
605198,安德利,1783102.776
605208,永茂泰,485671.68
605218,伟时电子,342125.941889
605222,起帆电缆,870822.451077
605228,神通科技,511011.926649
605255,天普股份,871654.08
605258,协和电子,258544.0
605259,绿田机械,305807.04
605266,健之佳,246341.427232
605268,王力安防,425130.75
605277,新亚电子,654988.605952
605286,同力天启,433272.0
605287,德才股份,537040.0
605288,凯迪股份,644805.087597
605289,罗曼股份,1566771.9081
605296,神农集团,1847650.419006
605298,必得科技,907042.37
605299,舒华体育,548301.76926
605300,佳禾食品,468939.352104
605303,园林股份,399223.822208
605305,中际联合,662849.88
605318,法狮龙,974399.967
605319,无锡振华,913202.48616
605333,沪光股份,811606.670094
605337,李子园,366685.216568
605338,巴比食品,463561.49097
605339,南侨食品,574065.203448
605358,立昂微,3100380.482595
605365,立达信,795188.395584
605366,宏柏新材,609761.0553
605368,蓝天燃气,498815.86867
605369,拱东医疗,371686.922039
605376,博迁新材,3485558.4
605377,华旺科技,454242.938688
605378,野马电池,376338.816
605388,均瑶健康,371099.112
605389,长龄液压,1178557.580564
605398,新炬网络,433801.866414
605399,晨光新材,351480.06352
605488,福莱新材,810136.989358
605499,东鹏饮料,8139919.4929
605500,森林包装,303755.2
605507,国邦医药,1218905.8182
605555,德昌股份,601697.81672
605566,福莱蒽特,377885.56
605567,春雪食品,192600.0
605577,龙版传媒,691111.111975
605580,恒盛能源,629160.0
605588,冠石科技,329386.621866
605589,圣泉集团,3118057.426628
605598,上海港湾,631798.466327
605599,菜百股份,1158888.922
000001,平安银行,23073359.454299
000002,万 科Ａ,3147696.661896
000006,深振业Ａ,946346.527246
000007,全新好,430288.470648
000008,神州高铁,676357.941048
000009,中国宝安,1821246.468755
000011,深物业A,447504.21155
000012,南 玻Ａ,728865.774456
000014,沙河股份,254874.673872
000017,深中华A,419662.497352
000019,深粮控股,296756.950691
000020,深华发Ａ,222471.100148
000021,深科技,5469993.502424
000025,特 力Ａ,604878.6128
000026,飞亚达,719764.692525
000027,深圳能源,3006670.426912
000028,国药一致,1061709.486558
000029,深深房Ａ,1975918.56
000030,富奥股份,676677.501225
000031,大悦城,985850.08123
000032,深桑达Ａ,1700035.856089
000034,神州数码,1992100.834986
000035,中国天楹,1117239.192909
000036,华联控股,554177.586245
000037,深南电A,316201.30395
000039,中集集团,2161021.305399
000042,中洲控股,581788.590852
000045,深纺织Ａ,500895.946504
000048,京基智农,1180874.43525
000049,德赛电池,889429.135806
000050,深天马Ａ,1605161.868866
000055,方大集团,241280.031153
000058,深 赛 格,711966.498717
000059,华锦股份,919662.467525
000060,中金岭南,2891156.886408
000061,农 产 品,1135800.437904
000062,深圳华强,2483398.984006
000063,中兴通讯,13319343.414224
000065,北方国际,1042653.182967
000066,中国长城,4590014.339474
000068,华控赛格,322134.86848
000069,华侨城Ａ,1269342.727704
000070,特发信息,1329624.847632
000088,盐 田 港,1432803.096126
000089,深圳机场,1361710.953976
000090,天健集团,650224.057032
000096,广聚能源,423492.992
000099,中信海直,1075993.180019
000100,TCL科技,9655190.51328
000151,中成股份,314401.323595
000153,丰原药业,286652.383484
000155,川能动力,2219094.347084
000156,华数传媒,1200112.369162
000157,中联重科,4680616.294306
000158,常山北明,2164866.000845
000159,国际实业,273981.04101
000166,申万宏源,10343797.858044
000301,东方盛虹,9661441.359626
000333,美的集团,60292731.46617
000338,潍柴动力,13307913.977955
000400,许继电气,2225023.814928
000401,金隅冀东,947287.68768
000402,金 融 街,777053.46472
000403,派林生物,973606.684545
000404,长虹华意,488554.3968
000407,胜利股份,371331.657888
000408,藏格矿业,11864008.596748
000409,云鼎科技,543236.01928
000410,沈阳机床,1048581.753156
000411,英特集团,576138.126592
000415,渤海租赁,2459168.730648
000417,合百集团,490787.29413
000419,通程控股,279401.48467
000420,吉林化纤,938991.962626
000421,南京公用,334189.068804
000422,湖北宜化,1327703.674528
000423,东阿阿胶,3100889.922515
000425,徐工机械,7324441.103716
000426,兴业银锡,6823774.483616
000428,华天酒店,477876.294
000429,粤高速Ａ,1699542.197424
000430,张家界,283475.71179
000498,山东路桥,720325.846163
000501,武商集团,580061.887705
000503,国新健康,688402.536816
000504,南华生物,266589.14238
000505,京粮控股,467354.527206
000506,招金黄金,1916851.167504
000507,珠海港,457493.708685
000509,华塑控股,378813.057224
000510,新金路,971178.8672
000513,丽珠集团,1519603.836476
000514,渝 开 发,359446.43109
000516,国际医学,892923.086205
000517,荣安地产,545745.025104
000518,四环生物,401518.92027
000519,中兵红箭,2200243.19156
000520,凤凰航运,449365.05402
000521,长虹美菱,429766.832224
000523,红棉股份,604853.684198
000524,岭南控股,682738.668633
000525,红太阳,525862.482365
000526,学大教育,451152.612426
000528,柳 工,1617969.322766
000529,广弘控股,289501.263516
000530,冰山冷热,320462.33115
000531,穗恒运Ａ,511276.964256
000532,华金资本,396456.406884
000533,顺钠股份,825307.392
000534,万泽股份,1257293.846172
000536,华映科技,994709.70576
000537,绿发电力,1537676.988452
000538,云南白药,9102643.469086
000539,粤电力Ａ,1310913.479187
000541,佛山照明,605909.6692
000543,皖能电力,1677478.86494
000544,中原环保,719317.152144
000545,金浦钛业,218759.487312
000546,金圆股份,322574.510378
000547,航天发展,2321705.871582
000548,湖南投资,231136.920493
000550,江铃汽车,891238.17204
000551,创元科技,588015.440078
000552,甘肃能化,953808.266752
000553,安道麦A,1232222.729926
000554,泰山石油,233907.422847
000555,神州信息,1082157.74457
000557,西部创业,543802.741854
000558,天府文旅,502585.15437
000559,万向钱潮,3615858.384424
000560,我爱我家,737946.757485
000561,烽火电子,610130.42496
000563,陕国投Ａ,1554646.988832
000564,供销大集,2415180.724
000565,渝三峡Ａ,274463.87526
000566,海南海药,632767.90352
000567,海德股份,1309569.787008
000568,泸州老窖,11756712.614904
000570,苏常柴Ａ,288960.10364
000571,新大洲A,483511.3371
000572,海马汽车,642120.949197
000573,粤宏远Ａ,241005.291039
000576,甘化科工,364838.634501
000581,威孚高科,1436148.907641
000582,北部湾港,2627041.135614
000586,汇源通信,257341.74
000589,贵州轮胎,671688.15624
000590,古汉医药,221639.051002
000591,太阳能,1655039.915024
000592,平潭发展,1434404.244301
000593,德龙汇能,787587.192743
000595,新能股份,637647.56496
000596,古井贡酒,4133806.2
000597,东北制药,673599.386286
000598,兴蓉环境,2154165.298012
000599,青岛双星,386319.018976
000600,建投能源,813177.953496
000601,韶能股份,646699.309808
000603,盛达资源,2410846.354144
000605,渤海股份,210889.8428
000607,华媒控股,337208.686008
000608,阳光股份,424561.091424
000612,焦作万方,1314995.931582
000617,中油资本,9279286.043986
000619,海螺新材,181800.0
000620,盈新发展,1387509.398055
000623,吉林敖东,2202202.114982
000625,长安汽车,5886119.176992
000626,远大控股,477584.194137
000628,高新发展,1026554.0439
000629,钒钛股份,2787133.329
000630,铜陵有色,7120378.074159
000631,顺发恒能,680800.02516
000633,合金投资,206417.015928
000635,英 力 特,282084.438504
000636,风华高科,5554998.939929
000637,茂化实华,154221.276015
000650,仁和药业,716285.578692
000651,格力电器,21489256.878918
000652,泰达股份,508919.64203
000655,金岭矿业,429240.30583
000656,金科股份,948387.079
000657,中钨高新,8377697.368348
000659,珠海中富,374139.43332
000661,长春高新,2946825.392394
000663,永安林业,187456.331952
000665,湖北广电,473041.82848
000668,荣丰控股,319381.11075
000670,盈方微,579654.153746
000672,上峰材料,1443429.82505
000676,智度股份,893910.11572
000678,襄阳轴承,423762.076834
000679,大连友谊,227739.6
000680,山推股份,1393444.77982
000681,视觉中国,1162952.27396
000682,东方电子,1497450.221223
000683,博源化工,2126666.397401
000685,中山公用,1424843.15742
000686,东北证券,1898107.314065
000688,国城矿业,3312252.16387
000690,宝新能源,1076361.771375
000691,亚太实业,324886.35
000692,惠天热电,227519.680752
000695,滨海能源,321404.340411
000697,炼石航空,598899.438116
000700,模塑科技,1018997.08179
000701,厦门信达,351902.474537
000702,正虹科技,216987.217448
000703,恒逸石化,6817685.085321
000705,浙江震元,203296.95967
000707,双环科技,255526.465296
000708,中信特钢,6859057.997952
000709,河钢股份,2170436.60358
000710,贝瑞基因,293586.43825
000711,京蓝科技,1357640.55936
000712,锦龙股份,1106231.644375
000713,国投丰乐,402179.8119
000715,中兴商业,276179.23924
000716,黑芝麻,401705.378802
000717,中南股份,550179.23943
000718,苏宁环球,454136.531278
000719,中原传媒,831932.986121
000720,新能泰山,479995.060122
000721,西安饮食,370436.502684
000722,湖南发展,618258.831624
000723,美锦能源,1661376.543876
000725,京东方Ａ,19840962.239637
000726,鲁 泰Ａ,348269.71035
000727,冠捷科技,1023682.13748
000728,国元证券,3386291.643416
000729,燕京啤酒,2828326.713709
000731,四川美丰,410521.7732
000733,振华科技,2231850.678268
000735,罗 牛 山,705500.177921
000736,中交发展,351883.346871
000737,北方铜业,2733018.609475
000738,航发控制,2575130.273958
000739,普洛药业,2588084.680905
000750,国海证券,2225742.327168
000751,锌业股份,799736.88465
000753,漳州发展,513587.194778
000755,山西高速,699906.963492
000756,新华制药,657514.496698
000757,浩物股份,229600.636945
000758,中色股份,1225109.685576
000759,中百集团,417029.0319
000761,本钢板材,864054.893766
000762,西藏矿业,1155135.770724
000766,通化金马,1590365.526732
000767,晋控电力,984339.295368
000768,中航西飞,6580101.20133
000776,广发证券,13106989.47042
000777,中核科技,651414.995073
000778,新兴铸管,1444470.42859
000779,甘咨询,492666.47352
000782,恒申新材,396104.71725
000783,长江证券,5120847.549848
000785,居然智家,1426823.898885
000786,北新建材,2750518.766776
000788,北大医药,328985.0586
000789,万年青,332524.229655
000790,华神科技,255283.52299
000791,甘肃能源,1397526.510492
000792,盐湖股份,14101895.72584
000795,英洛华,945462.925869
000796,凯撒旅业,581545.977836
000797,中国武夷,405208.099482
000798,中水渔业,370957.918968
000799,酒鬼酒,1279446.47314
000800,一汽解放,2991746.100064
000801,四川九洲,1288211.885764
000802,北京文化,298381.850085
000803,山高环能,346342.02786
000807,云铝股份,9346045.211195
000809,和展能源,277954.665741
000810,创维数字,1090204.220625
000811,冰轮环境,3542528.06506
000812,陕西金叶,289597.667823
000813,德展健康,719150.27772
000815,美利云,1124935.59063
000816,智慧农业,424655.17624
000818,航锦科技,805650.801336
000819,岳阳兴长,448740.649956
000820,神雾节能,108392.910105
000822,山东海化,396525.723218
000823,超声电子,862056.709983
000825,太钢不锈,2005079.224192
000828,东莞控股,1046793.610944
000829,天音控股,921716.7021
000830,鲁西化工,2425923.049732
000831,中国稀土,5965122.156147
000833,粤桂股份,900153.997568
000837,秦川机床,993293.922182
000839,国安股份,1077952.2468
000848,承德露露,850937.050308
000850,华茂股份,393387.116043
000852,石化机械,530244.451134
000856,冀东装备,197490.0
000858,五 粮 液,27939133.388418
000859,国风新材,801849.090045
000860,顺鑫农业,818168.988867
000862,银星能源,329682.7212
000863,三湘印象,485727.466356
000868,安凯客车,334466.97866
000869,张 裕Ａ,742000.48552
000875,电投绿能,1624425.775362
000876,新 希 望,3465006.36713
000877,天山股份,2652212.842362
000878,云南铜业,3476282.10535
000880,潍柴重机,551675.124
000881,中广核技,600077.285064
000882,华联股份,421287.965714
000883,湖北能源,2922259.338779
000885,城发环境,780767.15808
000886,海南高速,467406.037244
000887,中鼎股份,2702345.970048
000888,峨眉山Ａ,542720.49506
000889,中嘉博创,347049.980949
000890,法尔胜,356986.880146
000892,欢瑞世纪,397336.531436
000893,亚钾国际,3926720.626484
000895,双汇发展,8373000.807639
000897,津滨发展,304041.427192
000898,鞍钢股份,1639246.649648
000899,赣能股份,916161.41664
000900,现代投资,555497.445744
000901,航天科技,1137425.46105
000902,新洋丰,1637608.675252
000905,厦门港务,692106.954501
000906,浙商中拓,429257.91805
000908,石药景峰,549858.969375
000910,大亚圣象,294959.732375
000912,泸天化,660128.0
000913,钱江摩托,582514.996
000915,华特达因,594437.94154
000917,电广传媒,1026240.578812
000919,金陵药业,407846.993568
000920,沃顿科技,535453.384444
000921,海信家电,2575451.023748
000922,佳电股份,852964.33563
000923,河钢资源,1024107.108374
000925,众合科技,572493.119179
000926,福星股份,346106.0119
000927,中国铁物,1512587.64525
000928,中钢国际,779002.499553
000929,兰州黄河,179255.64782
000930,中粮科技,955996.028005
000931,中 关 村,340216.377996
000932,华菱钢铁,2494349.73424
000933,神火股份,6149350.039824
000935,四川双马,1653611.761278
000936,华西股份,494325.134046
000937,冀中能源,1831715.74071
000938,紫光股份,10087476.321198
000948,南天信息,563796.569889
000949,新乡化纤,1290414.705892
000950,重药控股,911197.947072
000951,中国重汽,2567112.912396
000952,广济药业,221188.486005
000953,中哲精化,222968.416755
000955,欣龙控股,228244.659
000957,中通客车,616027.189504
000958,电投产融,2826294.723
000959,首钢股份,2771997.954288
000960,锡业股份,5499033.583584
000962,东方钽业,2586534.383076
000963,华东医药,4797996.849226
000965,天保基建,374013.011615
000966,长源电力,1399376.076432
000967,盈峰环境,2702923.18436
000968,蓝焰控股,705309.43914
000969,安泰科技,1770388.418421
000970,中科三环,1427262.057502
000972,中基健康,294630.327178
000973,佛塑科技,1233317.369544
000975,山金国际,6623438.894625
000977,浪潮信息,11400868.540608
000978,桂林旅游,309896.474706
000980,众泰汽车,821925.191757
000981,山子高科,2530552.720738
000983,山西焦煤,3900148.332783
000985,大庆华科,224405.9745
000987,越秀资本,3854649.091327
000988,华工科技,9607662.88092
000989,九芝堂,655685.475929
000990,诚志股份,1100762.159203
000993,闽东电力,491381.911215
000995,皇台酒业,203309.568
000997,新 大 陆,2176069.06296
000998,隆平高科,1234832.462694
000999,华润三九,4139776.41939
001201,东瑞股份,272859.49518
001202,炬申股份,167058.25565
001203,大中矿业,3434671.17586
001205,盛航股份,243899.541985
001206,依依股份,178143.051486
001207,联科科技,513259.149368
001208,华菱线缆,473319.480645
001209,洪兴股份,177161.316428
001210,金房能源,375443.573274
001211,双枪科技,216082.38243
001212,中旗新材,605279.230599
001213,中铁特货,1573333.333176
001215,千味央厨,297003.53273
001216,华瓷股份,369513.789903
001217,华尔泰,340736.160639
001218,丽臣实业,286893.58976
001219,青岛食品,245354.775
001220,世盟股份,72909.1
001221,悍高集团,304787.78161
001222,源飞宠物,181927.88285
001223,欧克科技,269771.8324
001225,和泰机电,304579.0134
001226,拓山重工,168347.6388
001227,兰州银行,910835.15688
001228,永泰运,238475.722474
001229,魅视科技,260710.51321
001230,劲旅环境,217210.85155
001231,农心科技,110589.56895
001232,嘉立创,716101.887251
001233,海安集团,165937.7588
001234,泰慕士,213017.0705
001236,弘业期货,617833.38907
001237,惠康科技,177940.02294
001238,浙江正特,360939.876072
001239,永达股份,137940.0
001248,华润新能,1283383.779528
001255,博菲电气,209094.927072
001256,炜冈科技,239056.479688
001257,盛龙股份,328812.119188
001258,立新能源,1147052.257461
001259,利仁科技,216089.747955
001260,坤泰股份,105511.375
001266,宏英智能,194910.912744
001267,汇绿生态,2141510.527602
001268,联合精密,233579.939692
001269,欧晶科技,370008.979818
001270,铖昌科技,1968364.093416
001277,速达股份,140730.152297
001278,一彬科技,143299.923304
001279,强邦新材,105360.0
001280,中国铀业,1145036.456343
001282,三联锻造,242683.5208
001283,豪鹏科技,514306.118652
001285,瑞立科密,184245.6588
001286,陕西能源,1293300.0
001287,中电港,1681658.914661
001288,运机集团,436482.935898
001289,龙源电力,7658697.995116
001296,长江材料,161965.502
001298,好上好,733355.0064
001299,美能能源,330335.08326
001300,三柏硕,301063.25379
001301,尚太科技,1449936.710982
001306,夏厦精密,85002.0
001308,康冠科技,956040.814225
001309,德明利,6465201.58102
001311,多利科技,313364.920147
001312,福恩股份,100316.272095
001313,粤海饲料,539040.834321
001314,亿道信息,635885.258988
001316,润贝航科,453810.624
001317,三羊马,460345.551528
001318,阳光乳业,332690.82
001319,铭科精技,164902.150825
001322,箭牌家居,509862.171775
001323,慕思股份,594172.506451
001324,长青科技,265236.0
001325,元创股份,77400.4
001326,联域股份,169154.048147
001328,登康口腔,490163.9239
001330,博纳影业,670962.904794
001331,胜通能源,1201932.60075
001332,锡装股份,183402.174829
001333,光华股份,148444.0
001335,信凯科技,83656.69825
001336,楚环科技,119531.214517
001337,四川黄金,2234400.0
001338,永顺泰,462595.828948
001339,智微智能,1207447.753776
001356,富岭股份,198359.6205
001358,兴欣新材,121782.399812
001359,平安电工,480939.568014
001360,南矿集团,233526.382794
001365,天海电子,195806.72463
001366,播恩集团,230736.48
001367,海森药业,247969.665508
001368,通达创智,258096.470412
001369,双欣材料,259316.79125
001373,翔腾新材,120300.701894
001376,百通能源,247615.717141
001378,德冠新材,167585.390157
001379,腾达科技,108485.0611
001380,华纬科技,417754.595175
001382,新亚电缆,108549.0
001386,马可波罗,172283.5656
001387,雪祺电气,139458.630118
001388,信通电子,262999.238344
001389,广合科技,2325270.916228
001390,古麒绒材,204181.53075
001391,国货航,622935.1482
001393,维通利,201048.157485
001395,亚联机械,158101.983
001396,誉帆科技,74104.28928
001399,惠科股份,930885.272422
001400,江顺科技,254490.6
001696,宗申动力,1465648.225236
001872,招商港口,5472455.036335
001896,豫能控股,1760751.65482
001914,招商积余,967314.485394
001965,招商公路,6659193.09216
001979,招商蛇口,6182190.431475
002001,新 和 成,8156986.964608
002003,伟星股份,1266221.237043
002004,华邦健康,838979.605905
002005,德豪润达,418726.364762
002006,精工科技,701572.6683
002007,华兰生物,2051900.142416
002008,大族激光,8387651.059601
002009,天奇股份,577397.04997
002010,传化智联,1263056.521598
002011,盾安环境,1151744.31967
002012,凯恩股份,331078.83276
002014,永新股份,704548.957722
002015,协鑫能科,2787248.362238
002016,世荣兆业,384320.4252
002017,东信和平,989774.095634
002019,亿帆医药,813030.164325
002020,京新药业,917991.84878
002021,中捷资源,319181.916897
002022,科华生物,294707.680077
002023,海特高新,712869.632851
002025,航天电器,2912945.996982
002026,山东威达,503925.037616
002027,分众传媒,7047793.466288
002028,思源电气,8990610.36992
002029,七 匹 狼,598199.957141
002030,达安基因,757860.85728
002031,巨轮智能,1178872.05912
002032,苏 泊 尔,3199921.293066
002033,丽江股份,502224.885434
002034,旺能环境,763073.816445
002035,华帝股份,361301.402154
002036,联创电子,725106.361425
002037,保利联合,347912.283954
002038,双鹭药业,501090.534168
002039,黔源电力,829462.76444
002040,南 京 港,436495.74961
002041,登海种业,966240.0
002042,华孚时尚,666667.09116
002043,兔 宝 宝,1026172.393156
002044,美年健康,1786018.936047
002045,国光电器,513515.254148
002046,国机精工,2699574.505166
002047,宝鹰股份,520046.897216
002048,宁波华翔,1325694.880224
002049,紫光国微,5234088.115712
002050,三花智控,13088445.541632
002051,中工国际,1047355.78395
002052,同洲电子,597009.275364
002053,云南能投,868239.680452
002054,德美化工,280209.862701
002056,横店东磁,3204537.327988
002057,中钢天源,668892.148512
002058,紫竹高科,237127.086128
002059,云南旅游,561552.970482
002060,广东建工,496977.92388
002061,浙江交科,901900.8513
002062,宏润建设,933501.7968
002063,远光软件,985393.792651
002064,华峰化学,5556133.421784
002065,东华软件,2053180.347163
002066,瑞泰科技,498729.0
002067,景兴纸业,551092.787436
002068,黑猫股份,598294.738294
002069,獐子岛,269171.937526
002072,凯瑞德,327103.302
002073,软控股份,593270.351505
002074,国轩高科,4506626.70555
002075,沙钢股份,811714.1104
002076,星光股份,223136.565648
002077,大港股份,713248.322477
002078,太阳纸业,4103781.822864
002079,苏州固锝,721902.47642
002080,中材科技,7961018.282496
002081,金 螳 螂,1374021.196296
002083,孚日股份,936845.22888
002084,海鸥住工,457690.45382
002085,万丰奥威,2218845.9084
002086,东方海洋,335165.90924
002088,鲁阳节能,404265.741767
002090,金智科技,370315.47333
002091,江苏国泰,1235428.866741
002092,中泰化学,1249184.37762
002093,国脉科技,700212.5
002094,青岛金王,397010.790675
002095,生 意 宝,373283.579445
002096,易普力,1194993.546004
002097,山河智能,802604.40766
002098,浔兴股份,286042.0
002099,海翔药业,874712.199873
002100,天康生物,1148176.524115
002101,广东鸿图,578111.249727
002103,广博股份,266261.013368
002104,恒宝股份,853708.41263
002105,信隆健康,224879.208575
002106,莱宝高科,755755.542624
002107,沃华医药,389692.338662
002108,沧州明珠,715231.221404
002110,三钢闽光,738439.173008
002111,威海广泰,490706.603388
002112,三变科技,406748.16
002114,罗平锌电,244805.731894
002115,三维通信,802236.172525
002116,中国海诚,404175.969648
002117,东港股份,433503.27504
002119,康强电子,821496.676
002120,韵达股份,1933994.250231
002121,科陆电子,694360.854108
002123,梦网科技,593718.416616
002124,天邦食品,477314.906816
002125,湘潭电化,773683.645329
002126,银轮股份,3313379.657502
002127,南极电商,594430.433106
002128,电投能源,6556602.467025
002129,TCL中环,3692195.33685
002130,沃尔核材,1982279.777753
002131,利欧股份,2816157.334874
002132,恒星科技,586259.106209
002133,广宇集团,219413.007285
002134,天津普林,549415.55366
002135,东南网架,650333.416649
002136,安 纳 达,272573.27096
002137,实益达,304876.937164
002138,顺络电子,3409467.961812
002139,拓邦股份,999326.827251
002140,东华科技,649649.256125
002141,贤丰控股,659013.039124
002142,宁波银行,22767875.67285
002144,宏达高科,153765.327517
002145,钛能化学,1629170.982424
002146,荣盛发展,469281.76212
002148,北纬科技,290010.110873
002149,西部材料,1659673.0216
002150,正泰电源,748915.894233
002151,北斗星通,1261298.718368
002152,广电运通,2444894.319805
002153,石基信息,1286210.098416
002154,报 喜 鸟,483852.12781
002155,湖南黄金,4184372.099726
002156,通富微电,8629750.786514
002157,正邦科技,2507702.193864
002158,汉钟精机,1459894.439664
002159,三特索道,194435.485452
002160,常铝股份,417445.443045
002161,远 望 谷,516247.3263
002162,悦心健康,369165.291642
002163,海南发展,732033.025125
002164,宁波东力,514798.728439
002165,红 宝 丽,565473.712692
002166,莱茵生物,500001.007225
002167,东方锆业,1161587.805852
002169,智光电气,952676.806684
002170,芭田股份,927032.70333
002171,楚江新材,1663698.7141
002172,澳洋健康,322124.24733
002173,创新医疗,774391.65704
002174,游族网络,1192737.513156
002176,江特电机,1480491.466051
002177,御银股份,418777.173789
002178,延华智能,333848.707577
002179,中航光电,7173958.629968
002180,奔图科技,2308126.697838
002181,粤 传 媒,1077810.2488
002182,宝武镁业,1075932.8796
002183,怡 亚 通,1129692.429585
002184,海得控制,248785.900644
002185,华天科技,5178623.310324
002186,全 聚 德,305574.381648
002187,广百股份,403014.413975
002188,中天服务,143608.557906
002189,中光学,518209.536832
002190,成飞集成,924445.516911
002191,劲嘉股份,510588.455104
002192,融捷股份,1695406.725063
002194,武汉凡谷,512588.5614
002195,岩山科技,3577285.899369
002196,方正电机,533314.99136
002197,证通电子,377538.008484
002199,东晶电子,278698.826251
002200,交投生态,137791.08288
002201,九鼎新材,558075.71034
002202,金风科技,5882770.386669
002203,海亮股份,4239748.375668
002204,大连重工,998518.306544
002205,国统股份,205542.610168
002206,海 利 得,557023.709622
002208,合肥城建,815887.325296
002209,达 意 隆,212464.468648
002210,飞马国际,603084.298675
002212,天融信,775954.706695
002213,大为股份,576122.784513
002214,大立科技,796608.682245
002215,诺 普 信,858161.816388
002216,三全食品,753450.354855
002218,拓日新能,552295.783902
002219,新里程,696961.09566
002221,东华能源,851764.858021
002222,福晶科技,3014897.03816
002223,鱼跃医疗,2430174.469701
002224,三 力 士,308037.300958
002225,濮耐股份,352924.317186
002226,江南化工,1366841.78604
002228,合兴包装,389401.590298
002229,鸿博股份,595249.311307
002230,科大讯飞,8650369.413
002232,启明信息,604651.7134
002233,塔牌集团,832098.996272
002234,民和股份,251374.804926
002235,安妮股份,483827.435948
002236,大华股份,3899948.548965
002237,恒邦股份,1783764.587968
002238,天威视讯,530491.60476
002239,奥特佳,832868.78448
002240,盛新锂能,2690025.201234
002241,歌尔股份,7364107.931691
002242,九阳股份,636836.0625
002243,力合科创,887194.558224
002244,滨江集团,2407340.57382
002245,蔚蓝锂芯,2712940.472268
002246,北化股份,1172189.28519
002247,聚力文化,158290.704162
002248,华东数控,298270.732
002249,大洋电机,1241275.237578
002250,联化科技,1379764.793996
002251,步步高,844539.40522
002252,上海莱士,3241423.86342
002253,川大智胜,219186.764352
002254,泰和新材,1082779.311884
002255,海陆重工,503338.402227
002256,兆新股份,664734.48558
002258,利尔化学,1187434.20997
002259,升达林业,321244.170009
002261,拓维信息,2920276.765588
002262,恩华药业,1993799.34408
002263,大东南,591678.7065
002264,新 华 都,450428.247424
002265,建设工业,2215871.673015
002266,浙富控股,2358339.006523
002267,陕天然气,815151.301185
002268,电科网安,1201745.435976
002269,美邦服饰,344528.174025
002270,华明装备,1713583.024072
002271,东方雨虹,2145740.0657
002272,川润股份,707574.075597
002273,水晶光电,3400176.547353
002274,华昌化工,573963.66756
002275,桂林三金,698032.61298
002276,万马股份,1047610.76784
002277,友阿股份,839292.0256
002278,神开股份,299256.807408
002279,久其软件,568407.098322
002281,光迅科技,13181718.94104
002282,博深股份,297719.640064
002283,天润工业,824437.585644
002284,亚太股份,750493.0567
002285,世联行,469025.223297
002286,保龄宝,302036.377056
002287,奇正藏药,1136269.69205
002289,宇顺电子,978621.776878
002290,禾盛新材,1529963.696148
002291,遥望科技,502354.40606
002292,奥飞娱乐,863165.191888
002293,罗莱生活,941768.218692
002294,信立泰,3501965.542512
002295,精艺股份,243665.3737
002296,辉煌科技,314758.392264
002297,博云新材,1221859.474108
002298,中电鑫龙,573510.160344
002299,圣农发展,2104521.744072
002300,太阳电缆,580000.32343
002301,齐心集团,573672.989677
002302,西部建设,603405.357312
002303,美盈森,556096.396525
002304,洋河股份,5963877.087066
002307,北新路桥,500140.772359
002309,中利集团,719433.560092
002310,东方新能,1011772.17396
002311,海大集团,7384032.420872
002312,川发龙蟒,1600056.188985
002313,日海智能,321591.8187
002314,南山控股,299786.684736
002315,焦点科技,698701.725414
002316,亚联发展,151286.34
002317,众生药业,1892407.023584
002318,久立特材,1887061.645822
002319,乐通股份,222459.80562
002320,海峡股份,1585915.535716
002321,华英农业,454803.501926
002322,理工能科,448362.065404
002324,普利特,699381.844262
002326,永太科技,1431960.632424
002327,富安娜,309319.52247
002328,新朋股份,568403.152416
002329,皇氏集团,253432.108936
002330,得利斯,270533.14884
002331,皖通科技,284671.645968
002332,仙琚制药,855599.917788
002333,罗普斯金,363910.481298
002334,英威腾,495398.151356
002335,科华数据,1984182.603318
002337,赛象科技,278037.717705
002338,奥普光电,973200.0
002339,积成电子,361489.17102
002340,格林美,3279084.295772
002342,巨力索具,749431.65
002343,慈文传媒,260997.837586
002344,海宁皮城,521550.187444
002345,潮宏基,838600.062255
002346,柘中股份,822655.000008
002347,泰尔股份,306390.781521
002348,高乐股份,979429.770916
002349,精华制药,623662.575528
002350,北京科锐,773544.044718
002351,漫步者,534825.7824
002352,顺丰控股,15462749.364498
002353,杰瑞股份,8667405.77203
002354,天娱数科,1374809.743255
002355,兴民智通,305992.49175
002356,鹏飞绿能,368460.412901
002357,富临运业,354229.89818
002358,森源电气,500208.567676
002361,神剑股份,895194.36304
002362,汉王科技,335806.710624
002363,隆基机械,287288.893397
002364,中恒电气,2089739.56464
002365,永安药业,352251.489834
002366,融发核电,1080644.0536
002367,康力电梯,457035.432825
002368,太极股份,882635.00332
002369,卓翼科技,350378.98104
002370,亚太药业,401890.54367
002371,北方华创,46272793.032011
002372,伟星新材,1274583.730503
002373,千方科技,1067635.44765
002374,中锐股份,338585.296296
002375,亚厦股份,509771.644563
002376,新北洋,526026.32274
002377,国创高新,239923.178275
002378,章源钨业,2834278.13202
002379,宏桥控股,2152291.888182
002380,科远智慧,414809.03883
002381,双箭股份,180334.84
002382,蓝帆医疗,593686.375065
002383,合众思壮,531578.69899
002384,东山精密,24769410.224841
002385,大北农,1191586.219222
002386,天原股份,762611.70083
002387,维信诺,979287.432786
002388,新亚制程,313352.343405
002389,航天彩虹,1869087.815348
002390,信邦制药,578345.4702
002391,长青股份,249220.793007
002392,北京利尔,910988.738202
002393,力生制药,419703.985314
002394,联发股份,348290.173785
002395,双象股份,354035.88
002396,星网锐捷,2803193.307306
002397,梦洁股份,252816.78981
002398,垒知集团,254289.993624
002399,海普瑞,1225999.275032
002400,省广集团,1163434.952532
002401,中远海科,462019.71534
002402,和而泰,1540376.708262
002403,爱仕达,335198.120112
002404,嘉欣丝绸,267547.025352
002405,四维图新,1491197.599833
002406,远东传动,384525.176724
002407,多氟多,3545412.01088
002408,齐翔腾达,1496952.712096
002409,雅克科技,4033135.022514
002410,广联达,1407055.522624
002412,汉森制药,481913.96
002413,雷科防务,1051889.563564
002414,高德红外,4261859.988474
002415,海康威视,31543728.76677
002416,爱施德,1165787.720269
002418,康盛股份,592064.4
002419,天虹股份,545512.575166
002420,毅昌科技,248378.6355
002421,达实智能,688235.313038
002422,科伦药业,5443549.334272
002423,中粮资本,2264935.780225
002425,凯撒文化,313783.399743
002426,胜利精密,852877.23492
002427,尤夫股份,484382.849112
002428,云南锗业,5687042.3175
002429,兆驰股份,3551599.358505
002430,杭氧股份,2668792.054254
002432,九安医疗,3146232.50084
002434,万里扬,763200.4911
002436,兴森科技,5071399.305596
002437,誉衡药业,828454.47008
002438,江苏神通,681283.609151
002439,启明星辰,983554.1559
002440,闰土股份,1258652.15399
002441,众业达,331539.315849
002442,龙星科技,257060.131141
002443,金洲管道,559055.14848
002444,巨星科技,3504569.15029
002445,中南文化,752468.842914
002446,盛路通信,692634.050832
002448,中原内配,676874.086328
002449,国星光电,403865.591357
002451,摩恩电气,340340.475
002452,长高电气,611616.515019
002453,华软科技,289395.6651
002454,松芝股份,448327.810196
002455,百川股份,509486.031183
002456,欧菲光,2491528.873261
002457,青龙管业,402185.0808
002458,益生股份,880377.259736
002459,晶澳科技,2225459.471358
002460,赣锋锂业,5946611.712067
002461,珠江啤酒,1921169.12064
002462,嘉事堂,358217.144951
002463,沪电股份,21439796.8564
002465,海格通信,2477887.109
002466,天齐锂业,6693031.51249
002467,二六三,654000.261552
002468,申通快递,2112570.461961
002469,三维化学,397518.463752
002470,金正大,686720.844403
002471,中超控股,778206.419502
002472,双环传动,2880262.71491
002474,榕基软件,352419.883392
002475,立讯精密,39775172.40513
002476,新叶股份,314568.0
002478,常宝股份,506731.773963
002479,富春环保,522159.07062
002480,新筑股份,412140.771927
002481,双塔食品,487514.5336
002482,广田集团,494169.693732
002483,润邦股份,484232.187053
002484,江海股份,4620887.12448
002486,嘉麟杰,245308.556844
002487,大金重工,2095892.208652
002488,金固股份,755388.963179
002489,浙江永强,535652.02684
002490,山东墨龙,422001.438
002491,通鼎互联,2397643.406248
002492,恒基达鑫,237109.4961
002493,荣盛石化,13462841.448752
002494,华斯股份,137649.81024
002495,佳隆股份,167928.206094
002496,辉丰股份,255160.688544
002497,雅化集团,1894542.65562
002498,汉缆股份,2199012.156
002500,山西证券,1945656.178474
002506,协鑫集成,1478643.824988
002507,涪陵榨菜,1309470.42713
002508,老板电器,1498437.288135
002510,天汽模,580635.07788
002511,中顺洁柔,899417.796363
002513,蓝丰生化,159343.84908
002515,金字火腿,817574.127608
002516,旷达科技,790129.786962
002517,恺英网络,3271759.752693
002518,科士达,2048111.924328
002519,银河电子,642610.144748
002520,日发精机,459161.70944
002521,齐峰新材,275816.22222
002522,浙江众成,469803.863364
002523,天桥起重,509566.908563
002524,光正眼科,206767.101044
002526,山东矿机,483547.001574
002527,新时达,617345.522755
002529,海源复材,183560.0
002530,金财互联,532116.153927
002531,天顺风能,1107858.53138
002532,天山铝业,5392303.834476
002533,金杯电工,727558.124858
002534,西子洁能,1345344.97608
002535,林州重机,188077.05882
002536,飞龙股份,3177049.869594
002537,海联金汇,772537.9827
002539,云图控股,1192323.4575
002540,亚太科技,441115.498012
002541,鸿路钢构,1054471.01767
002543,万和电气,492576.269745
002544,普天科技,1086027.772284
002545,东方铁塔,2017342.21878
002546,新联电子,635373.305203
002548,金新农,368447.943336
002549,凯美特气,956840.864932
002550,千红制药,625539.873936
002551,尚荣医疗,202302.805313
002552,宝鼎科技,1693641.116244
002553,南方精工,436581.224856
002554,惠博普,384039.3168
002555,三七互娱,3050234.819008
002556,辉隆股份,499711.936605
002557,洽洽食品,955589.48212
002558,巨人网络,5258834.221257
002559,亚威股份,453873.762145
002560,通达股份,393941.19956
002561,徐家汇,301712.004776
002562,兄弟科技,404348.124852
002563,森马服饰,1292679.306392
002564,天沃科技,423439.907161
002565,顺灏股份,910501.492748
002566,益盛药业,162703.924002
002567,唐人神,579824.900505
002568,百润股份,1378654.332579
002570,贝因美,498957.843846
002571,德力股份,346930.096644
002572,索菲亚,581209.862188
002573,清新环境,459124.5321
002574,明牌珠宝,274032.0
002575,群兴玩具,321379.025
002576,通达动力,237532.419086
002577,雷柏科技,541698.89
002578,闽发铝业,359965.950498
002579,中京电子,822647.94237
002580,圣阳股份,1024999.7208
002582,好想你,355532.339074
002583,海能达,1089383.900508
002584,西陇科学,384911.4704
002585,双星新材,786406.915956
002586,围海股份,438269.755209
002587,奥拓电子,296720.983369
002588,史丹利,693778.34856
002589,瑞康医药,439720.478456
002590,万安科技,495833.643776
002591,恒大高新,144836.075376
002593,日上集团,257271.487011
002594,比亚迪,30476980.63028
002595,豪迈科技,4884981.68952
002596,海南瑞泽,389833.98666
002597,金禾实业,1192512.051458
002599,盛通股份,240995.343138
002600,领益智造,9093600.844947
002601,龙佰集团,3137951.31902
002602,世纪华通,10691412.216771
002603,以岭药业,2184144.873294
002605,姚记科技,587505.728824
002606,大连电瓷,553643.428734
002607,中公教育,1161181.438018
002608,江苏国信,2788222.821552
002609,捷顺科技,361224.783576
002611,东方精工,1482852.4648
002612,朗姿股份,438560.782906
002613,北玻股份,266143.139104
002614,奥佳华,250203.101337
002615,哈尔斯,197649.889878
002616,长青集团,286102.890516
002617,露笑科技,1147226.927132
002622,皓宸医疗,220073.5155
002623,亚玛顿,298200.741624
002624,完美世界,2039750.073756
002625,光启技术,6116830.651818
002626,金达威,1018467.92344
002627,三峡旅游,501975.705536
002628,成都路桥,391264.544762
002629,仁智股份,174217.9152
002631,德尔未来,873852.527052
002632,道明光学,547511.375983
002633,申科股份,219111.352295
002635,安洁科技,590530.931737
002636,金安国纪,4685742.772893
002637,赞宇科技,575386.36182
002638,勤上股份,583005.083879
002639,雪人集团,945270.440192
002640,跨境通,534150.3141
002641,公元股份,445645.308504
002642,荣联科技,480968.887551
002643,万润股份,1136790.8622
002644,佛慈制药,435079.764
002645,华宏科技,1188332.961789
002646,天佑德酒,342244.898031
002647,仁东控股,1162508.947265
002648,卫星化学,9271292.76369
002649,博彦科技,581655.781308
002651,利君股份,490822.440388
002652,扬子新材,213530.688
002653,海思科,3715410.340752
002654,万润科技,1165589.468176
002655,共达电声,1369899.0891
002656,摩登大道,200498.403456
002657,中科金财,556290.9132
002658,雪迪龙,279753.04422
002659,凯文教育,277002.841325
002660,茂硕电源,270847.395376
002661,克明食品,246117.085998
002662,峰璟股份,494993.763
002663,普邦股份,295331.09914
002664,信质集团,612479.95376
002666,德联集团,211334.994572
002668,TCL智家,1004971.293756
002669,康达新材,355693.415
002670,国盛证券,2066525.357082
002671,龙泉股份,221661.221346
002672,东江环保,337609.126646
002673,西部证券,3101889.70327
002674,兴业科技,680503.054552
002675,东诚药业,947071.208356
002676,顺威股份,375106.836414
002677,浙江美大,358644.621825
002678,珠江钢琴,642132.713904
002679,福建金森,251787.408
002681,奋达科技,779736.366
002682,龙洲股份,291869.300286
002683,广东宏大,2062848.297874
002685,华东重机,547120.998588
002686,亿利达,341867.125632
002687,乔治白,255615.035934
002688,金河生物,394437.709776
002690,美亚光电,684959.844488
002692,远程股份,305091.211875
002693,双成药业,359608.8965
002695,煌上煌,545720.974128
002696,百洋股份,222616.439388
002697,红旗连锁,545343.878125
002698,博实股份,1007901.16005
002700,万憬能源,269770.941241
002701,奥瑞金,1163597.63247
002702,海欣食品,257355.24375
002703,浙江世宝,1002728.254614
002705,新宝股份,901035.291
002706,良信股份,883879.94394
002707,众信旅游,480229.30776
002708,光洋股份,778205.545977
002709,天赐材料,5104984.277277
002712,思美传媒,276940.939776
002713,东易日盛,481138.542162
002714,牧原股份,14424355.51004
002715,登云股份,193614.0
002716,湖南白银,2605817.706228
002718,友邦吊顶,809940.252294
002721,金一文化,837704.263725
002722,物产金轮,292621.82516
002723,小崧股份,248488.027532
002724,海洋王,388604.106254
002725,跃岭股份,285063.12964
002727,一心堂,447537.801458
002728,特一药业,449674.094064
002729,好利科技,244944.032036
002730,电光科技,789986.21604
002732,燕塘乳业,222243.557775
002733,雄韬股份,671699.084139
002734,利民股份,725097.12912
002735,王子新材,339505.675131
002736,国信证券,9862352.540802
002737,葵花药业,690860.9981
002738,中矿资源,3440602.862496
002739,儒意电影,1776525.931008
002741,光华科技,982610.769575
002742,冀衡医药,224238.240644
002743,富煌钢构,212505.208242
002745,木林森,1137103.219804
002746,仙坛股份,479741.129452
002747,埃斯顿,2343625.707564
002748,世龙实业,291360.0
002749,国光股份,476821.601772
002752,昇兴股份,604826.62778
002753,永东股份,199065.931719
002755,奥赛康,1085937.34392
002756,永兴材料,1690302.002436
002757,南兴股份,514124.395614
002758,浙农股份,460204.047288
002760,凤形股份,192543.862798
002761,浙江建投,827568.668385
002762,金发拉比,323224.825
002763,汇洁股份,228349.603776
002765,蓝黛科技,426074.49885
002766,索菱股份,370733.677488
002767,先锋电子,235553.238768
002768,国恩股份,1517837.992539
002769,普路通,284606.80549
002771,真视通,251203.965805
002772,众兴菌业,431098.48732
002773,康弘药业,1394284.04087
002774,快意电梯,436464.727315
002775,文科股份,211790.294268
002777,久远银海,523437.869354
002778,中晟高科,206650.31735
002779,中坚科技,1338404.88012
002780,三夫户外,188417.922721
002782,可立克,746346.5388
002783,凯龙股份,371198.85173
002785,万里石,680978.644365
002786,银宝山新,390045.97125
002787,华源控股,581259.026634
002788,鹭燕医药,418509.727336
002790,瑞尔特,168149.8875
002791,坚朗五金,319345.954848
002792,通宇通讯,1028390.831876
002793,罗欣药业,517987.462338
002795,永和智控,318106.128351
002796,世嘉科技,647817.035035
002797,第一创业,2756774.4
002798,帝欧水华,342087.954512
002799,环球印务,221144.7378
002800,天顺股份,221022.928
002801,微光股份,324015.9546
002802,洪汇新材,184857.834395
002803,吉宏股份,619231.050256
002805,丰元股份,486534.03866
002806,华锋股份,245625.261465
002807,江阴银行,1140879.686452
002809,红墙股份,148214.103344
002810,山东赫达,695817.962964
002811,郑中设计,422330.427188
002812,恩捷股份,3970742.659836
002813,路畅科技,260405.545632
002815,崇达技术,1130735.846745
002817,黄山胶囊,195413.488035
002818,富森美,329087.981673
002819,东方中科,511144.1949
002820,桂发祥,206090.87067
002821,凯莱英,5168448.973116
002823,凯中精密,291958.984317
002824,和胜股份,580367.94958
002825,纳尔股份,253684.801872
002826,易明医药,327155.609781
002827,高争民爆,1825732.558125
002828,贝肯能源,239778.2068
002829,星网宇达,319127.019444
002830,名雕股份,139251.75
002831,裕同科技,1966253.072398
002832,比音勒芬,1029253.53188
002833,弘亚数控,549499.89
002835,同为股份,164160.563952
002836,新宏泽,230400.0
002837,英维克,7242537.434363
002838,道恩股份,1040661.803854
002839,张家港行,1076958.54567
002840,华统股份,736742.857625
002841,视源股份,2546772.50371
002842,翔鹭钨业,916529.469426
002843,泰嘉股份,405701.23644
002845,同兴达,337066.007547
002846,英联股份,299345.156503
002847,盐津铺子,1108393.32231
002848,高斯贝尔,228280.78818
002849,威星智能,404360.291358
002850,科达利,3612457.08301
002851,麦格米特,5957797.091274
002852,道道全,243231.752846
002853,皮阿诺,282120.952288
002855,捷荣技术,441977.88144
002857,三晖电气,246240.56225
002858,力盛体育,180997.023564
002859,洁美科技,2631568.5888
002860,星帅尔,607061.54477
002861,瀛通通讯,226496.703785
002862,实丰文化,206236.967452
002863,今飞凯达,287152.622366
002864,盘龙药业,211785.771744
002865,钧达股份,874784.410996
002866,传艺科技,264075.900678
002867,周大生,1174106.282752
002868,绿康生化,277500.009843
002869,金溢科技,259866.65756
002870,香山股份,687582.7482
002871,伟隆股份,293896.399741
002873,新天药业,201579.750868
002875,安奈儿,289303.26444
002876,三利谱,442379.7477
002877,智能自控,182791.13552
002878,元隆雅图,308362.237854
002879,长缆科技,230942.111364
002880,卫光生物,503496.0
002881,美格智能,768321.37858
002882,金龙羽,600185.79234
002884,凌霄泵业,433798.282966
002885,京泉华,659983.708273
002886,沃特股份,524995.269804
002887,绿茵生态,201590.659392
002888,惠威科技,164830.644
002889,东方嘉盛,305562.017664
002890,弘宇股份,251742.19089
002891,中宠股份,920949.451306
002892,科力尔,452514.913305
002893,京能热力,214742.556462
002895,川恒股份,2013811.57488
002896,中大力德,1230821.48221
002897,意华股份,1057294.20818
002899,英派斯,277119.33
002900,哈三联,242282.4768
002901,大博医疗,1188835.183206
002902,铭普光磁,460769.460466
002903,宇环数控,293009.645076
002905,金逸影视,295626.24
002906,华阳集团,1492775.292385
002907,华森制药,491277.148299
002908,德生科技,240358.357724
002909,集泰股份,274288.143143
002910,庄园牧场,173786.5206
002911,佛燃能源,1458360.739151
002912,中新赛克,324445.672
002913,奥士康,1863177.4364
002915,中欣氟材,543595.734696
002916,深南电路,22065403.64826
002917,金奥博,275658.441398
002918,蒙娜丽莎,234340.230616
002919,名臣健康,479009.44847
002920,德赛西威,5250271.7872
002921,联诚精密,281975.9247
002922,伊戈尔,965629.561652
002923,润都股份,286709.196213
002925,盈趣科技,1705583.727369
002926,华西证券,2252250.0
002927,泰永长征,382538.662856
002928,华夏航空,821905.217525
002929,润建股份,1096925.829335
002930,宏川智慧,411313.701929
002931,锋龙股份,884851.347744
002933,新兴装备,326485.712868
002935,天奥电子,655013.413374
002936,郑州银行,1265298.47262
002937,兴瑞科技,883777.924036
002938,鹏鼎控股,19246871.961185
002939,长城证券,2928962.280003
002940,昂利康,496391.22624
002941,新疆交建,801266.786856
002942,新农股份,249348.275151
002943,宇晶股份,585441.882
002945,华林证券,4085100.0
002946,新乳业,1325413.61945
002947,恒铭达,1349060.397644
002948,青岛银行,2236593.67006
002949,华阳国际,213759.369852
002950,奥美医疗,377640.599145
002951,金时科技,634574.836308
002952,亚世光电,290539.944244
002953,日丰股份,295353.2064
002955,鸿合科技,800620.816788
002956,西麦食品,524080.554582
002957,科瑞技术,1558168.63764
002958,青农商行,1637373.41579
002959,小熊电器,453213.41238
002960,青鸟智控,849329.733535
002961,瑞达期货,970554.957405
002962,五方光电,268214.56586
002963,豪尔赛,300771.438718
002965,祥鑫科技,713114.409762
002966,苏州银行,4044101.51656
002967,广电计量,1071542.258145
002968,新大正,204614.66592
002969,嘉美包装,1434759.405872
002970,锐明技术,637994.50615
002971,和远气体,622282.57029
002972,科安达,175326.61824
002973,侨银股份,401831.14367
002975,博杰股份,1313914.419857
002976,瑞玛精密,287768.415072
002978,安宁股份,963081.087264
002979,雷赛智能,1181202.798666
002980,华盛昌,1087415.288784
002981,朝阳科技,294721.678824
002982,湘佳股份,170809.808624
002983,芯瑞达,279105.430656
002984,森麒麟,982354.180064
002985,北摩高科,917261.798511
002986,宇新股份,408084.221584
002987,京北方,1243072.458258
002988,豪美新材,653238.75704
002989,中天精装,454031.99514
002990,盛视科技,645374.800588
002991,甘源食品,194391.917458
002992,宝明科技,516641.868855
002993,奥海科技,874146.456378
002995,天地在线,221725.82119
002996,顺博合金,284194.04442
002997,瑞鹄模具,596775.097575
002998,优彩资源,232625.8161
002999,天禾股份,226475.230149
003000,劲仔食品,301282.96851
003001,中岩大地,185934.729252
003002,壶化股份,323465.987
003003,天元股份,132442.437336
003004,声迅股份,517289.712975
003005,竞业达,247991.7594
003006,百亚股份,628287.96669
003007,直真科技,284543.61544
003008,开普检测,158033.52017
003009,中天火箭,776335.946342
003010,若羽臣,714609.29196
003011,海象新材,159066.388572
003012,东鹏控股,532120.811957
003013,地铁设计,658477.142379
003015,日久光电,298180.680119
003016,欣贺股份,301177.123186
003017,大洋生物,189001.174176
003018,金富科技,1579039.11915
003019,宸展光电,475206.512232
003020,立方制药,298498.959605
003021,兆威机电,1507118.047824
003022,联泓新科,2576787.854075
003023,彩虹集团,273312.8164
003025,思进智能,276227.43338
003026,中晶科技,398409.78528
003027,同兴科技,173340.664452
003028,振邦智能,162807.464435
003029,吉大正元,309026.14688
003030,祖名股份,201824.939334
003031,中瓷电子,3870302.887088
003032,传智教育,276516.122976
003033,征和工业,540561.982088
003035,南网能源,2136363.635868
003036,泰坦股份,1100332.5466
003037,三和管桩,348661.462596
003038,鑫铂股份,177424.32606
003039,顺控发展,793511.56805
003040,楚天龙,964867.744896
003041,真爱美家,540425.9176
003042,中农联合,203484.19
003043,华亚智能,642419.486602
003816,中国广核,17189481.976984
