max_break,first_before,vol_lo,vol_hi,mv_lo,mv_hi,auction_lo,auction_hi,range_lo,market_fb_lo,market_fb_hi,idx_open_lo,exclude_y_one_word,rank,rank_asc,top_n,tp,sl,cost,train_n,train_days,train_per_day,train_win,train_avg,train_pf,test_n,test_days,test_per_day,test_win,test_avg,test_pf,full_n,full_win,score
0,0,0.8,5.0,25.0,100.0,-0.08,-0.02,0.015,20,160,-0.02,True,auction_pct,True,3,0.012,0.0,0.0015,959,392,2.4464285714285716,0.867570385818561,0.0031838754402228964,1.5390777266530282,543,222,2.445945945945946,0.9042357274401474,0.005645699165786566,2.46688173236579,1502,0.8808255659121171,4.499347881980797
0,0,0.8,5.0,20.0,160.0,-0.08,-0.02,0.015,20,160,-1.0,True,auction_pct,True,3,0.012,0.0,0.0015,1068,414,2.579710144927536,0.8726591760299626,0.0034835482642642597,1.615939520792494,608,232,2.6206896551724137,0.90625,0.0054005687153462064,2.3123924295972453,1676,0.8848448687350835,4.4935337581191925
0,0,0.8,5.0,25.0,100.0,-0.08,-0.02,0.015,20,160,-1.0,True,auction_pct,True,3,0.012,0.0,0.0015,962,393,2.4478371501272265,0.867983367983368,0.003206690797477919,1.5446391667783526,549,224,2.450892857142857,0.9034608378870674,0.005578865893319887,2.427742694492687,1511,0.8808735936465917,4.490906511134247
0,0,0.8,5.0,25.0,100.0,-0.08,-0.02,0.0,20,160,-0.02,True,auction_pct,True,3,0.012,0.0,0.0015,961,392,2.451530612244898,0.8678459937565036,0.003199101505904014,1.5427853534032445,544,222,2.4504504504504503,0.9025735294117647,0.0055867773859276,2.4360992317145844,1505,0.8803986710963455,4.4896685279902275
0,0,0.7,8.0,25.0,100.0,-0.08,-0.02,0.015,20,160,-0.02,True,auction_pct,True,3,0.012,0.0,0.0015,1038,407,2.5503685503685505,0.8689788053949904,0.0031525411387581643,1.5290927513121397,573,229,2.502183406113537,0.8970331588132635,0.005669438791745194,2.5120884980836444,1611,0.8789571694599627,4.488964186213548
0,0,0.8,5.0,20.0,160.0,-0.08,-0.02,0.0,20,160,-1.0,True,auction_pct,True,3,0.012,0.0,0.0015,1071,415,2.580722891566265,0.873015873015873,0.003503202190694892,1.621154535527715,608,232,2.6206896551724137,0.9046052631578947,0.0053398651806792815,2.284087511276815,1679,0.8844550327575939,4.484712597047556
0,0,0.8,5.0,20.0,160.0,-0.08,-0.02,0.015,20,160,-0.02,True,auction_pct,True,3,0.012,0.0,0.0015,1065,413,2.5786924939467313,0.8723004694835681,0.0034637836114875396,1.610724506057273,602,230,2.617391304347826,0.9053156146179402,0.005349743818821418,2.2872121127595264,1667,0.8842231553689263,4.4837629458065456
0,0,0.8,5.0,20.0,160.0,-0.08,-0.02,0.015,15,250,-1.0,True,auction_pct,True,3,0.012,0.0,0.0015,1108,433,2.558891454965358,0.8736462093862816,0.003539277980639235,1.630757357703019,611,233,2.6223175965665235,0.9050736497545008,0.005299197589899097,2.260490516120811,1719,0.8848167539267016,4.4836045551729775
0,0,0.8,5.0,25.0,100.0,-0.08,-0.02,0.0,20,160,-1.0,True,auction_pct,True,3,0.012,0.0,0.0015,964,393,2.4529262086513994,0.8682572614107884,0.0032218221443711175,1.5483467935285686,550,224,2.455357142857143,0.9018181818181819,0.005520708411554777,2.398220262347887,1514,0.880449141347424,4.481485461268514
0,0,0.7,8.0,25.0,100.0,-0.08,-0.02,0.015,20,160,-1.0,True,auction_pct,True,3,0.012,0.0,0.0015,1041,408,2.551470588235294,0.8693563880883766,0.0031737153717876793,1.5341858753060322,579,231,2.5064935064935066,0.8963730569948186,0.005605822376650275,2.4728541422127384,1620,0.8790123456790123,4.480748182756735
0,0,0.8,5.0,25.0,100.0,-0.08,-0.02,0.015,15,250,-0.02,True,auction_pct,True,3,0.012,0.0,0.0015,994,410,2.424390243902439,0.8682092555331992,0.0032212545306718326,1.5481897418544248,545,223,2.4439461883408073,0.9027522935779817,0.005501428934237632,2.3831477620381047,1539,0.8804418453541261,4.4804596378432935
0,0,1.0,6.0,20.0,160.0,-0.08,-0.02,0.015,20,160,-1.0,True,auction_pct,True,3,0.012,0.0,0.0015,1090,415,2.6265060240963853,0.8697247706422019,0.003446977114891716,1.6088017077376733,609,235,2.5914893617021275,0.8998357963875205,0.005413870771876477,2.3419254266353735,1699,0.8805179517363155,4.477187971248366
0,0,0.7,8.0,20.0,160.0,-0.08,-0.02,0.015,20,160,-1.0,True,auction_pct,True,3,0.012,0.0,0.0015,1138,422,2.6966824644549763,0.8769771528998243,0.003606239271992796,1.6467276453153739,635,236,2.690677966101695,0.8960629921259843,0.005311459773445689,2.296362794685277,1773,0.8838127467569092,4.4761490669644495
0,0,0.8,5.0,20.0,160.0,-0.08,-0.02,0.0,15,250,-1.0,True,auction_pct,True,3,0.012,0.0,0.0015,1111,434,2.5599078341013826,0.873987398739874,0.003558073809674413,1.6358239790015803,611,233,2.6223175965665235,0.9034369885433715,0.005238792108593874,2.2334416471547134,1722,0.8844367015098722,4.474954729865846
0,0,0.8,5.0,20.0,160.0,-0.08,-0.02,0.0,20,160,-0.02,True,auction_pct,True,3,0.012,0.0,0.0015,1068,414,2.579710144927536,0.8726591760299626,0.0034835482642642597,1.615939520792494,602,230,2.617391304347826,0.9036544850498339,0.00528843526553655,2.259170192971977,1670,0.8838323353293414,4.474927488343433
0,0,0.7,8.0,25.0,100.0,-0.08,-0.02,0.0,20,160,-0.02,True,auction_pct,True,3,0.012,0.0,0.0015,1040,407,2.555282555282555,0.8682692307692308,0.003102251514420833,1.5169337854119391,574,229,2.506550218340611,0.8954703832752613,0.00561355518918555,2.4815854571804996,1614,0.8779429987608426,4.474387115958488
0,0,0.8,5.0,20.0,160.0,-0.08,-0.02,0.015,15,250,-0.02,True,auction_pct,True,3,0.012,0.0,0.0015,1105,432,2.5578703703703702,0.8733031674208145,0.003520380092803867,1.6256907364044575,605,231,2.619047619047619,0.9041322314049587,0.005247619384179088,2.235964398405214,1710,0.8842105263157894,4.473957851610261
0,0,0.8,5.0,25.0,100.0,-0.08,-0.02,0.015,15,250,-1.0,True,auction_pct,True,3,0.012,0.0,0.0015,997,411,2.4257907542579074,0.8686058174523571,0.0032431564729065204,1.5535827370256465,551,225,2.448888888888889,0.9019963702359347,0.005436409251488245,2.347462715691032,1548,0.8804909560723514,4.472588053643962
0,0,0.7,8.0,25.0,100.0,-0.08,-0.02,0.015,15,250,-0.02,True,auction_pct,True,3,0.012,0.0,0.0015,1074,425,2.5270588235294116,0.8696461824953445,0.0031949982852374466,1.5393869661338875,575,230,2.5,0.8956521739130435,0.005532613130099828,2.4289752693628834,1649,0.8787143723468769,4.471123728901566
0,0,0.8,5.0,25.0,100.0,-0.08,-0.02,0.0,15,250,-0.02,True,auction_pct,True,3,0.012,0.0,0.0015,996,410,2.4292682926829268,0.8684738955823293,0.0032358704854295196,1.5517850719685724,546,223,2.4484304932735426,0.9010989010989011,0.0054429872162674335,2.3544650507250995,1542,0.8800259403372244,4.471103445015224
0,0,1.0,6.0,20.0,160.0,-0.08,-0.02,0.015,15,250,-1.0,True,auction_pct,True,3,0.012,0.0,0.0015,1128,432,2.611111111111111,0.8714539007092199,0.0035636934951862927,1.6404767227983752,612,236,2.593220338983051,0.8986928104575164,0.005294463108186568,2.2782965216907534,1740,0.8810344827586207,4.46987797850777
0,0,0.7,8.0,20.0,160.0,-0.08,-0.02,0.015,15,250,-1.0,True,auction_pct,True,3,0.012,0.0,0.0015,1180,441,2.675736961451247,0.8779661016949153,0.0036660938541032586,1.6632362477167728,638,237,2.691983122362869,0.8949843260188087,0.005214797656169069,2.2468022876632716,1818,0.8839383938393839,4.467453048760494
0,0,1.0,6.0,20.0,160.0,-0.08,-0.02,0.015,20,160,-0.02,True,auction_pct,True,3,0.012,0.0,0.0015,1087,414,2.6256038647342996,0.8693652253909844,0.003427511550351399,1.6036975801982323,603,233,2.587982832618026,0.8988391376451078,0.005363262520850373,2.316283907365643,1690,0.8798816568047337,4.467243455809197
0,0,0.7,8.0,20.0,160.0,-0.08,-0.02,0.015,20,160,-0.02,True,auction_pct,True,3,0.012,0.0,0.0015,1135,421,2.695961995249406,0.8766519823788547,0.0035880178779980625,1.6417636063816088,629,234,2.6880341880341883,0.8950715421303657,0.005261966543939607,2.2721480727729544,1764,0.8832199546485261,4.4665801087181585
0,0,0.7,8.0,25.0,100.0,-0.08,-0.02,0.0,20,160,-1.0,True,auction_pct,True,3,0.012,0.0,0.0015,1043,408,2.5563725490196076,0.8686481303930969,0.003123529793861617,1.5219808065849805,580,231,2.5108225108225106,0.8948275862068965,0.005550626563798309,2.443572298267462,1623,0.878003696857671,4.466419173605141
0,0,0.8,5.0,20.0,160.0,-0.08,-0.02,0.0,15,250,-0.02,True,auction_pct,True,3,0.012,0.0,0.0015,1108,433,2.558891454965358,0.8736462093862816,0.0035392779806392356,1.630757357703019,605,231,2.619047619047619,0.9024793388429752,0.005186614840249351,2.2091651075117276,1713,0.8838295388207823,4.465291996517032
0,0,0.7,8.0,20.0,160.0,-0.08,-0.02,0.0,20,160,-1.0,True,auction_pct,True,3,0.012,0.0,0.0015,1141,423,2.6973995271867612,0.8764241893076249,0.0035656478216428518,1.6354761283340638,636,236,2.694915254237288,0.8946540880503144,0.00526158680355428,2.273288687172877,1777,0.8829487900956668,4.463874001320244
0,0,0.8,5.0,25.0,100.0,-0.08,-0.02,0.0,15,250,-1.0,True,auction_pct,True,3,0.012,0.0,0.0015,999,411,2.4306569343065694,0.8688688688688688,0.003257684688175977,1.5571780671397941,552,225,2.453333333333333,0.9003623188405797,0.005378720558863283,2.3199042860005292,1551,0.8800773694390716,4.463469078411532
0,0,0.7,8.0,25.0,100.0,-0.08,-0.02,0.015,15,250,-1.0,True,auction_pct,True,3,0.012,0.0,0.0015,1077,426,2.528169014084507,0.8700092850510678,0.0032153464794289857,1.5443384582383912,581,232,2.5043103448275863,0.8950086058519794,0.00547062870605493,2.3930945056580737,1658,0.8787696019300362,4.463456914203758
0,0,1.0,6.0,20.0,160.0,-0.08,-0.02,0.0,20,160,-1.0,True,auction_pct,True,3,0.012,0.0,0.0015,1094,416,2.6298076923076925,0.8692870201096892,0.0034068294560716983,1.5979473677733016,609,235,2.5914893617021275,0.8981937602627258,0.005353266914606378,2.3127935384095717,1703,0.8796241926012919,4.463347347635509
0,0,1.0,6.0,20.0,160.0,-0.08,-0.02,0.015,15,250,-0.02,True,auction_pct,True,3,0.012,0.0,0.0015,1125,431,2.6102088167053363,0.8711111111111111,0.0035451966778401226,1.635457869974076,606,234,2.58974358974359,0.8976897689768977,0.005242923138960692,2.2534423778177635,1731,0.8804159445407279,4.460067618094769
0,0,0.7,8.0,20.0,160.0,-0.08,-0.02,0.015,15,250,-0.02,True,auction_pct,True,3,0.012,0.0,0.0015,1177,440,2.675,0.8776550552251486,0.003648675231811253,1.6584068472346982,632,235,2.6893617021276595,0.8939873417721519,0.005164621684550421,2.2231931567946557,1809,0.8833609729132117,4.458001850262756
0,0,0.7,8.0,25.0,100.0,-0.08,-0.02,0.0,15,250,-0.02,True,auction_pct,True,3,0.012,0.0,0.0015,1076,425,2.531764705882353,0.8689591078066915,0.0031463122967580947,1.5274725314435127,576,230,2.5043478260869567,0.8940972222222222,0.005477161112378317,2.400500530108714,1652,0.8777239709443099,4.456999216336835
0,0,1.0,6.0,20.0,160.0,-0.08,-0.02,0.0,15,250,-1.0,True,auction_pct,True,3,0.012,0.0,0.0015,1132,433,2.6143187066974596,0.8710247349823321,0.0035244811239227964,1.6294939389628917,612,236,2.593220338983051,0.8970588235294118,0.005234156328648185,2.250706023403821,1744,0.8801605504587156,4.456324395699601
0,0,0.8,5.0,15.0,220.0,-0.08,-0.02,0.0,15,250,-1.0,True,auction_pct,True,3,0.012,0.0,0.0015,1144,435,2.6298850574712644,0.8767482517482518,0.0035700507120104263,1.635956200346232,632,236,2.6779661016949152,0.8987341772151899,0.005121350000419165,2.1867726801323935,1776,0.8845720720720721,4.455893702545574
0,0,0.7,8.0,20.0,160.0,-0.08,-0.02,0.0,15,250,-1.0,True,auction_pct,True,3,0.012,0.0,0.0015,1183,442,2.676470588235294,0.8774302620456467,0.003626791733565966,1.6521455183055254,639,237,2.6962025316455698,0.8935837245696401,0.005165310102595267,2.224785247689024,1822,0.8830954994511526,4.45545701367748
0,0,0.7,8.0,20.0,160.0,-0.08,-0.02,0.0,20,160,-0.02,True,auction_pct,True,3,0.012,0.0,0.0015,1138,422,2.6966824644549763,0.8760984182776801,0.0035473674556190634,1.6305558949370922,630,234,2.6923076923076925,0.8936507936507937,0.005211697154064319,2.2493172774663086,1768,0.8823529411764706,4.454303004045048
0,0,0.8,5.0,15.0,220.0,-0.08,-0.02,0.015,15,250,-1.0,True,auction_pct,True,3,0.012,0.0,0.0015,1141,435,2.6229885057471263,0.8764241893076249,0.0035518299864504177,1.6310512191140631,632,236,2.6779661016949152,0.8987341772151899,0.005121350000419165,2.1867726801323935,1773,0.8843767625493514,4.454274168886202
0,0,1.0,6.0,20.0,160.0,-0.08,-0.02,0.0,20,160,-0.02,True,auction_pct,True,3,0.012,0.0,0.0015,1091,415,2.6289156626506025,0.8689275893675527,0.0033873248624586975,1.592893710373873,603,233,2.587982832618026,0.8971807628524047,0.005302055640124849,2.287424687896853,1694,0.8789846517119244,4.453390592726702
0,0,0.8,5.0,15.0,220.0,-0.08,-0.02,0.0,20,160,-1.0,True,auction_pct,True,3,0.012,0.0,0.0015,1103,416,2.6514423076923075,0.8766999093381687,0.0035577858394182705,1.6325392871934343,629,235,2.676595744680851,0.8982511923688394,0.005095696661788413,2.175222824427469,1732,0.8845265588914549,4.451344838076722
0,0,0.8,5.0,15.0,220.0,-0.08,-0.02,0.015,20,160,-1.0,True,auction_pct,True,3,0.012,0.0,0.0015,1100,416,2.644230769230769,0.8763636363636363,0.0035388525280712294,1.627461871231618,629,235,2.676595744680851,0.8982511923688394,0.005095696661788413,2.175222824427469,1729,0.8843262001156738,4.449667927705196
0,0,0.7,8.0,25.0,100.0,-0.08,-0.02,0.0,15,250,-1.0,True,auction_pct,True,3,0.012,0.0,0.0015,1079,426,2.532863849765258,0.8693234476367007,0.003166758138379713,1.5323804382001087,582,232,2.5086206896551726,0.8934707903780069,0.005415854861066019,2.3657127929114723,1661,0.8777844671884407,4.449560423665024
0,0,0.7,8.0,15.0,220.0,-0.08,-0.02,0.015,15,250,-1.0,True,auction_pct,True,3,0.012,0.0,0.0015,1202,443,2.7133182844243793,0.8818635607321131,0.003841281047240324,1.7121690829376541,657,238,2.7605042016806722,0.8888888888888888,0.005003294664238342,2.1554849844525905,1859,0.8843464228079613,4.446883194907116
0,0,1.0,6.0,20.0,160.0,-0.08,-0.02,0.0,15,250,-0.02,True,auction_pct,True,3,0.012,0.0,0.0015,1129,432,2.613425925925926,0.870682019486271,0.003505945644181228,1.624523892018434,606,234,2.58974358974359,0.8960396039603961,0.005182019262595196,2.2261081433666208,1735,0.8795389048991354,4.4464997492065175
0,0,0.8,5.0,15.0,220.0,-0.08,-0.02,0.0,15,250,-0.02,True,auction_pct,True,3,0.012,0.0,0.0015,1141,434,2.629032258064516,0.8764241893076249,0.0035518299864504186,1.6310512191140631,626,234,2.675213675213675,0.8977635782747604,0.005069797444512639,2.1636729687225444,1767,0.8839841539332202,4.446468351971097
0,0,1.0,6.0,15.0,220.0,-0.08,-0.02,0.015,15,250,-1.0,True,auction_pct,True,3,0.012,0.0,0.0015,1160,435,2.6666666666666665,0.8724137931034482,0.0034520897736263364,1.6070752337145535,631,237,2.6624472573839664,0.8954041204437401,0.005207048502062563,2.2413414555196773,1791,0.8805136795086543,4.446073007292068
0,0,0.7,8.0,20.0,160.0,-0.08,-0.02,0.0,15,250,-0.02,True,auction_pct,True,3,0.012,0.0,0.0015,1180,441,2.675736961451247,0.8771186440677966,0.0036093174752614724,1.6473575892572068,633,235,2.6936170212765957,0.8925750394944708,0.005114744321577213,2.2014074692544634,1813,0.882515168229454,4.446002432005729
0,0,0.8,5.0,15.0,220.0,-0.08,-0.02,0.015,15,250,-0.02,True,auction_pct,True,3,0.012,0.0,0.0015,1138,434,2.622119815668203,0.8760984182776801,0.0035335131937960697,1.626146237881894,626,234,2.675213675213675,0.8977635782747604,0.005069797444512639,2.1636729687225444,1764,0.8837868480725624,4.4448431920425815
0,0,1.0,6.0,15.0,220.0,-0.08,-0.02,0.0,15,250,-1.0,True,auction_pct,True,3,0.012,0.0,0.0015,1163,435,2.6735632183908047,0.8718830610490111,0.0034082463517773162,1.5953523191306367,631,237,2.6624472573839664,0.8954041204437401,0.005207048502062563,2.2413414555196773,1794,0.8801560758082497,4.442549365912658
0,0,0.7,8.0,15.0,220.0,-0.08,-0.02,0.015,20,160,-1.0,True,auction_pct,True,3,0.012,0.0,0.0015,1159,424,2.733490566037736,0.8817946505608283,0.0038277131881978383,1.7080868123228443,654,237,2.759493670886076,0.8883792048929664,0.004978080419578885,2.144412287614649,1813,0.8841698841698842,4.44208541663666
0,0,0.8,5.0,15.0,220.0,-0.08,-0.02,0.0,20,160,-0.02,True,auction_pct,True,3,0.012,0.0,0.0015,1100,415,2.6506024096385543,0.8763636363636363,0.003538852528071229,1.627461871231618,623,233,2.6738197424892705,0.8972712680577849,0.005043648796572892,2.15212311301762,1723,0.8839233894370284,4.441813917128175
0,0,0.7,8.0,15.0,220.0,-0.08,-0.02,0.0,15,250,-1.0,True,auction_pct,True,3,0.012,0.0,0.0015,1204,443,2.7178329571106095,0.8812292358803987,0.0037434080487932352,1.6824772168125164,658,238,2.764705882352941,0.8890577507598785,0.005011648319763816,2.1591758833985706,1862,0.8839957035445757,4.440628382095753
0,0,0.7,8.0,25.0,100.0,-0.08,-0.02,0.015,20,160,-0.02,True,auction_pct,True,3,0.015,0.0,0.0015,1038,407,2.5503685503685505,0.8429672447013488,0.004338044996108784,1.6182463503375306,573,229,2.502183406113537,0.8656195462478184,0.006822737814078771,2.412957817236845,1611,0.851024208566108,4.440537915262306
0,0,0.8,5.0,15.0,220.0,-0.08,-0.02,0.015,20,160,-0.02,True,auction_pct,True,3,0.012,0.0,0.0015,1097,415,2.6433734939759037,0.8760255241567912,0.003519815661694032,1.6223844552698021,623,233,2.6738197424892705,0.8972712680577849,0.005043648796572892,2.15212311301762,1720,0.8837209302325582,4.440130995995044
0,0,0.7,8.0,15.0,220.0,-0.08,-0.02,0.015,15,250,-0.02,True,auction_pct,True,3,0.012,0.0,0.0015,1199,442,2.7126696832579187,0.8815679733110926,0.0038246203659573555,1.7073104608678804,651,236,2.7584745762711864,0.8878648233486943,0.004952633785567729,2.133339590776708,1850,0.8837837837837837,4.437607178755386
0,0,1.0,6.0,15.0,220.0,-0.08,-0.02,0.015,15,250,-0.02,True,auction_pct,True,3,0.012,0.0,0.0015,1157,434,2.665898617511521,0.8720829732065687,0.0034338151576547545,1.6022997980449463,625,235,2.6595744680851063,0.8944,0.005156236167682364,2.2175395993548666,1782,0.8799102132435466,4.436503356558775
0,0,0.7,8.0,25.0,100.0,-0.08,-0.02,0.015,20,160,-1.0,True,auction_pct,True,3,0.015,0.0,0.0015,1041,408,2.551470588235294,0.8434197886647454,0.004364448324650257,1.6238069954483534,579,231,2.5064935064935066,0.8652849740932642,0.006773076849529618,2.3895791649194997,1620,0.8512345679012345,4.436314399152006
0,0,1.0,6.0,15.0,220.0,-0.08,-0.02,0.015,20,160,-1.0,True,auction_pct,True,3,0.012,0.0,0.0015,1121,418,2.6818181818181817,0.8715432649420161,0.0033746415278508943,1.5864885721604285,628,236,2.6610169491525424,0.8949044585987261,0.005181763701913181,2.229440527437272,1749,0.8799313893653516,4.436215976094969
0,0,0.7,8.0,15.0,220.0,-0.08,-0.02,0.0,20,160,-1.0,True,auction_pct,True,3,0.012,0.0,0.0015,1161,424,2.7382075471698113,0.8811369509043928,0.0037262386365938677,1.677457997834279,655,237,2.7637130801687766,0.8885496183206106,0.004986510831152047,2.1481031865606295,1816,0.8838105726872246,4.435591882266659
0,0,0.7,8.0,20.0,160.0,-0.08,-0.02,0.015,20,160,-1.0,True,auction_pct,True,3,0.015,0.0,0.0015,1138,422,2.6966824644549763,0.8550087873462214,0.005006399733391284,1.7705532135077642,635,236,2.690677966101695,0.862992125984252,0.006324288502221888,2.194381316048391,1773,0.8578680203045685,4.433887214487385
0,0,0.7,8.0,25.0,100.0,-0.08,-0.02,0.0,20,160,-0.02,True,auction_pct,True,3,0.015,0.0,0.0015,1040,407,2.555282555282555,0.8423076923076923,0.004288360172045779,1.6076296578533624,574,229,2.506550218340611,0.8658536585365854,0.006790977383954085,2.3962652843097847,1614,0.8506815365551424,4.433556081692744
0,0,1.0,6.0,15.0,220.0,-0.08,-0.02,0.0,15,250,-0.02,True,auction_pct,True,3,0.012,0.0,0.0015,1160,434,2.672811059907834,0.871551724137931,0.003389905609583637,1.590621090772593,625,235,2.6595744680851063,0.8944,0.005156236167682364,2.2175395993548666,1785,0.8795518207282913,4.432983717922606
0,0,0.7,8.0,15.0,220.0,-0.08,-0.02,0.015,20,160,-0.02,True,auction_pct,True,3,0.012,0.0,0.0015,1156,423,2.7328605200945626,0.8814878892733564,0.003810397564983818,1.7030590558323118,648,235,2.7574468085106383,0.8873456790123457,0.004926951534574987,2.1222668939387663,1804,0.8835920177383592,4.432707234014532
0,0,1.0,6.0,15.0,220.0,-0.08,-0.02,0.0,20,160,-1.0,True,auction_pct,True,3,0.012,0.0,0.0015,1124,418,2.688995215311005,0.8709964412811388,0.003329483560881957,1.5746975832153056,628,236,2.6610169491525424,0.8949044585987261,0.005181763701913181,2.229440527437272,1752,0.8795662100456622,4.4326321654332554
0,0,0.7,8.0,15.0,220.0,-0.08,-0.02,0.0,15,250,-0.02,True,auction_pct,True,3,0.012,0.0,0.0015,1201,442,2.7171945701357467,0.880932556203164,0.0037265306334280227,1.677707363153321,652,236,2.76271186440678,0.8880368098159509,0.0049611420159579615,2.1370304897226884,1853,0.8834322719913653,4.4313711817765755
0,0,1.0,6.0,25.0,100.0,-0.08,-0.02,0.015,20,160,-0.02,True,auction_pct,True,3,0.012,0.0,0.0015,987,398,2.479899497487437,0.8642350557244174,0.0031768315627867766,1.540394394926518,538,224,2.4017857142857144,0.8921933085501859,0.005318228100602923,2.313207059120948,1525,0.8740983606557376,4.429990292581785
0,0,0.7,8.0,25.0,100.0,-0.08,-0.02,0.0,20,160,-1.0,True,auction_pct,True,3,0.015,0.0,0.0015,1043,408,2.5563725490196076,0.8427612655800575,0.0043148557803716295,1.6131475015394747,580,231,2.5108225108225106,0.8655172413793103,0.0067417305979313065,2.373415490575732,1623,0.8508934072704868,4.429423493734681
0,0,0.7,8.0,20.0,160.0,-0.08,-0.02,0.015,15,250,-1.0,True,auction_pct,True,3,0.015,0.0,0.0015,1180,441,2.675736961451247,0.8559322033898306,0.005091759547063292,1.7924119875801436,638,237,2.691983122362869,0.8620689655172413,0.006232268256126572,2.1595485695751955,1818,0.858085808580858,4.429236285317543
0,0,0.7,8.0,25.0,100.0,-0.08,-0.02,0.015,15,250,-0.02,True,auction_pct,True,3,0.015,0.0,0.0015,1074,425,2.5270588235294116,0.8435754189944135,0.0044067821926408925,1.6334300159252182,575,230,2.5,0.8643478260869565,0.006687118068877462,2.351680303337291,1649,0.8508186779866586,4.427476663652278
0,0,1.0,6.0,15.0,220.0,-0.08,-0.02,0.015,20,160,-0.02,True,auction_pct,True,3,0.012,0.0,0.0015,1118,417,2.6810551558753,0.8711985688729875,0.003355521603507024,1.5816050085512692,622,234,2.658119658119658,0.8938906752411575,0.0051304623871406396,2.205638671272461,1740,0.8793103448275862,4.426543350549822
0,0,0.7,8.0,15.0,220.0,-0.08,-0.02,0.0,20,160,-0.02,True,auction_pct,True,3,0.012,0.0,0.0015,1158,423,2.7375886524822697,0.8808290155440415,0.003708690032025458,1.672525237175425,649,235,2.7617021276595746,0.8875192604006163,0.004935538666262853,2.125957792884747,1807,0.8832318760376314,4.426233171629763
0,0,0.7,8.0,25.0,100.0,-0.08,-0.02,0.015,15,250,-1.0,True,auction_pct,True,3,0.015,0.0,0.0015,1077,426,2.528169014084507,0.8440111420612814,0.004432111490154428,1.6388503717249814,581,232,2.5043103448275863,0.8640275387263339,0.006639028602435548,2.330098000812555,1658,0.8510253317249699,4.423550974123508
0,0,1.0,6.0,15.0,220.0,-0.08,-0.02,0.0,20,160,-0.02,True,auction_pct,True,3,0.012,0.0,0.0015,1121,417,2.6882494004796165,0.8706512042818911,0.0033102939539976094,1.5698602418242389,622,234,2.658119658119658,0.8938906752411575,0.0051304623871406396,2.205638671272461,1743,0.8789443488238669,4.422963721955763
0,0,0.7,8.0,20.0,160.0,-0.08,-0.02,0.0,20,160,-1.0,True,auction_pct,True,3,0.015,0.0,0.0015,1141,423,2.6973995271867612,0.8545135845749343,0.00496738542468534,1.760750942082807,636,236,2.694915254237288,0.8616352201257862,0.0062728230343292585,2.1772810260714004,1777,0.8570624648283625,4.422913609660131
0,0,1.0,6.0,25.0,100.0,-0.08,-0.02,0.015,20,160,-1.0,True,auction_pct,True,3,0.012,0.0,0.0015,990,399,2.481203007518797,0.8646464646464647,0.0031990229822934832,1.5458232724998024,544,226,2.4070796460176993,0.8915441176470589,0.005254392364953834,2.27943061819457,1534,0.8741851368970013,4.422722481765408
0,0,0.7,8.0,20.0,160.0,-0.08,-0.02,0.015,20,160,-0.02,True,auction_pct,True,3,0.015,0.0,0.0015,1135,421,2.695961995249406,0.8546255506607929,0.004983949688633728,1.7650756190625783,629,234,2.6880341880341883,0.8616852146263911,0.006255839743896501,2.170290993149249,1764,0.8571428571428571,4.422595728656057
0,0,0.7,8.0,25.0,100.0,-0.08,-0.02,0.0,15,250,-0.02,True,auction_pct,True,3,0.015,0.0,0.0015,1076,425,2.531764705882353,0.8429368029739777,0.004358631921805773,1.6229652161688173,576,230,2.5043478260869567,0.8645833333333334,0.006655703368970572,2.335972429814249,1652,0.8504842615012107,4.420742194712514
0,0,1.0,6.0,25.0,100.0,-0.08,-0.02,0.0,20,160,-0.02,True,auction_pct,True,3,0.012,0.0,0.0015,989,398,2.4849246231155777,0.8645096056622852,0.0031916408012846796,1.5440136466420409,538,224,2.4017857142857144,0.8903345724907064,0.005249626336518367,2.280744444340378,1527,0.8736083824492469,4.419283001941022
0,0,0.7,8.0,20.0,160.0,-0.08,-0.02,0.0,15,250,-1.0,True,auction_pct,True,3,0.015,0.0,0.0015,1183,442,2.676470588235294,0.8554522400676247,0.005053913895605559,1.782689946079809,639,237,2.6962025316455698,0.8607198748043818,0.006181188416793838,2.143044739261193,1822,0.8572996706915478,4.41845362712004
0,0,0.7,8.0,20.0,160.0,-0.08,-0.02,0.015,15,250,-0.02,True,auction_pct,True,3,0.015,0.0,0.0015,1177,440,2.675,0.8555649957519117,0.00507032817802437,1.787070574489489,632,235,2.6893617021276595,0.8607594936708861,0.006163270802861952,2.135927087322581,1809,0.857379767827529,4.418063561825436
0,0,1.0,6.0,25.0,100.0,-0.08,-0.02,0.015,15,250,-0.02,True,auction_pct,True,3,0.012,0.0,0.0015,1019,414,2.4613526570048307,0.8655544651619235,0.0032729872029526163,1.5645982470784843,540,225,2.4,0.8907407407407407,0.00517383488937366,2.2380726484035485,1559,0.8742783835792175,4.417128104178926
0,0,0.7,8.0,25.0,100.0,-0.08,-0.02,0.0,15,250,-1.0,True,auction_pct,True,3,0.015,0.0,0.0015,1079,426,2.532863849765258,0.8433734939759037,0.004384048144451354,1.6283448950727308,582,232,2.5086206896551726,0.8642611683848798,0.00660802039336351,2.314870992501579,1661,0.8506923540036123,4.416899932715886
0,0,0.8,5.0,25.0,100.0,-0.08,-0.02,0.015,20,160,-0.02,True,auction_pct,True,3,0.015,0.0,0.0015,959,392,2.4464285714285716,0.8373305526590198,0.0041664522156177625,1.586403900366759,543,222,2.445945945945946,0.8710865561694291,0.006659007216411618,2.314885551764474,1502,0.8495339547270306,4.416001451594495
0,0,0.8,5.0,20.0,160.0,-0.08,-0.02,0.015,20,160,-1.0,True,auction_pct,True,3,0.015,0.0,0.0015,1068,414,2.579710144927536,0.846441947565543,0.004697896585831431,1.7017937892095403,608,232,2.6206896551724137,0.8700657894736842,0.0062764440022954684,2.154396375874486,1676,0.8550119331742243,4.413615883154739
0,0,0.7,8.0,15.0,220.0,-0.08,-0.02,0.015,15,250,-1.0,True,auction_pct,True,3,0.015,0.0,0.0015,1202,443,2.7133182844243793,0.8585690515806988,0.005172642726881782,1.8106255508321762,657,238,2.7605042016806722,0.8584474885844748,0.006059361116403066,2.101772481360025,1859,0.85852608929532,4.4124670380339435
0,0,1.0,6.0,25.0,100.0,-0.08,-0.02,0.0,20,160,-1.0,True,auction_pct,True,3,0.012,0.0,0.0015,992,399,2.4862155388471177,0.8649193548387096,0.00321374269402273,1.549442524215325,544,226,2.4070796460176993,0.8897058823529411,0.005186547237973151,2.2481569798766166,1536,0.8736979166666666,4.412264112304076
0,0,0.8,5.0,25.0,100.0,-0.08,-0.02,0.015,20,160,-1.0,True,auction_pct,True,3,0.015,0.0,0.0015,962,393,2.4478371501272265,0.8378378378378378,0.0041955589134900564,1.5923477369546306,549,224,2.450892857142857,0.8706739526411658,0.006608421943391661,2.293299864381759,1511,0.8497683653209794,4.4120314475042175
0,0,0.7,8.0,20.0,160.0,-0.08,-0.02,0.0,20,160,-0.02,True,auction_pct,True,3,0.015,0.0,0.0015,1138,422,2.6966824644549763,0.8541300527240774,0.004944891713151119,1.7553148848691174,630,234,2.6923076923076925,0.8603174603174604,0.006203992777513346,2.153378433310226,1768,0.8563348416289592,4.411615204232261
0,0,1.0,6.0,25.0,100.0,-0.08,-0.02,0.015,15,250,-1.0,True,auction_pct,True,3,0.012,0.0,0.0015,1022,415,2.4626506024096386,0.8659491193737769,0.00329420152623162,1.5699307559662643,546,227,2.405286343612335,0.8901098901098901,0.005111819722843022,2.2072310719887382,1568,0.8743622448979592,4.410356511250874
0,0,1.0,6.0,20.0,160.0,-0.08,-0.02,0.015,20,160,-1.0,True,auction_pct,True,3,0.015,0.0,0.0015,1090,415,2.6265060240963853,0.8440366972477065,0.004673054765632121,1.6988055819724532,609,235,2.5914893617021275,0.8653530377668309,0.006366491860173502,2.205004636794163,1699,0.85167745732784,4.40928274540974
0,0,0.8,5.0,20.0,160.0,-0.08,-0.02,0.015,15,250,-1.0,True,auction_pct,True,3,0.015,0.0,0.0015,1108,433,2.558891454965358,0.8474729241877257,0.004784609135923619,1.722467544674804,611,233,2.6223175965665235,0.8690671031096563,0.006180592310791324,2.1197697113337535,1719,0.8551483420593369,4.408560584086454
0,0,0.8,5.0,25.0,100.0,-0.08,-0.02,0.0,20,160,-0.02,True,auction_pct,True,3,0.015,0.0,0.0015,961,392,2.451530612244898,0.8376690946930281,0.004185876872817309,1.5903664580920067,544,222,2.4504504504504503,0.8694852941176471,0.006598222737930181,2.292866993163648,1505,0.8491694352159468,4.4079315737971605
0,0,0.7,8.0,20.0,160.0,-0.08,-0.02,0.0,15,250,-0.02,True,auction_pct,True,3,0.015,0.0,0.0015,1180,441,2.675736961451247,0.8550847457627119,0.00503244079534015,1.7773880379845268,633,235,2.6936170212765957,0.8593996840442338,0.006111815795152074,2.1196037785029103,1813,0.8565912851627138,4.407273278774364
0,0,0.7,8.0,15.0,220.0,-0.08,-0.02,0.0,15,250,-1.0,True,auction_pct,True,3,0.015,0.0,0.0015,1204,443,2.7178329571106095,0.8579734219269103,0.005075049858534957,1.784316703985552,658,238,2.764705882352941,0.8586626139817629,0.006070669078232241,2.105508710335487,1862,0.8582169709989259,4.407023075690447
0,0,1.0,6.0,25.0,100.0,-0.08,-0.02,0.0,15,250,-0.02,True,auction_pct,True,3,0.012,0.0,0.0015,1021,414,2.466183574879227,0.8658178256611165,0.003287143937129007,1.568153253003671,540,225,2.4,0.8888888888888888,0.005105487205896827,2.2075858609812897,1561,0.8737988468930173,4.406717684408109
0,0,1.0,6.0,20.0,160.0,-0.08,-0.02,0.015,15,250,-1.0,True,auction_pct,True,3,0.015,0.0,0.0015,1128,432,2.611111111111111,0.8457446808510638,0.004819303027037711,1.7340717827420729,612,236,2.593220338983051,0.8643790849673203,0.006252218406835076,2.1611168031701116,1740,0.8522988505747127,4.406690379281741
0,0,0.8,5.0,20.0,160.0,-0.08,-0.02,0.0,20,160,-1.0,True,auction_pct,True,3,0.015,0.0,0.0015,1071,415,2.580722891566265,0.8468720821661998,0.004722552337691847,1.7074586577819788,608,232,2.6206896551724137,0.868421052631579,0.006210806257102228,2.133270725118847,1679,0.8546754020250149,4.405968500823975
0,0,0.7,8.0,15.0,220.0,-0.08,-0.02,0.015,20,160,-1.0,True,auction_pct,True,3,0.015,0.0,0.0015,1159,424,2.733490566037736,0.8584987057808455,0.005131763081474521,1.7993888110812986,654,237,2.759493670886076,0.8577981651376146,0.006025229745377393,2.09056379443364,1813,0.858246001103144,4.405288506013324
0,0,0.8,5.0,25.0,100.0,-0.08,-0.02,0.0,20,160,-1.0,True,auction_pct,True,3,0.015,0.0,0.0015,964,393,2.4529262086513994,0.8381742738589212,0.004214862733171613,1.596310294679878,550,224,2.455357142857143,0.8690909090909091,0.006548392541535511,2.2719127517363784,1514,0.8494055482166446,4.404120910687532
0,0,0.8,5.0,25.0,100.0,-0.08,-0.02,0.015,15,250,-0.02,True,auction_pct,True,3,0.015,0.0,0.0015,994,410,2.424390243902439,0.8380281690140845,0.004237546321642693,1.60153500506816,545,223,2.4439461883408073,0.8697247706422019,0.006516523010364979,2.2559410493956955,1539,0.8492527615334633,4.402884803082167
