id,策略,脚本,市场,持有日,可交易,信号日数,有票天数,覆盖率%,日均选出,总交易笔数,次日OC胜率%,次日OC均收益%,次日CC均收益%,3日均收益%,5日均收益%,10日均收益%,持有期均收益%,组合期末净值,组合年化%,组合波动%,最大回撤%
main_trend,主板·趋势稳健少（不满仓/持有5日）,趋势稳健少.py,主板(+中小板),5.0,True,614,586,95.4,2.72,1671.0,48.5,0.417,-0.214,0.332,0.237,0.345,0.237,0.9962,-0.15,27.28,-33.97
cyb_trend,创业板·放宽版（全市场/持有5日）,趋势王创业板_放宽版.py,创业板,5.0,True,614,477,77.7,5.02,3083.0,49.5,0.456,0.018,0.627,0.586,1.192,0.586,1.2159,7.99,32.62,-35.66
main_trend_1d,对照·稳健少（最多3只/仍隔夜）,趋势稳健少.py,主板(+中小板),1.0,True,614,586,95.4,2.72,1671.0,48.5,0.417,-0.214,0.332,0.237,0.345,0.417,3.3481,60.82,40.19,-31.85
cyb_trend_1d,对照·创业板放宽（最多8只/仍隔夜）,趋势王创业板_放宽版.py,创业板,1.0,True,614,477,77.7,5.02,3083.0,49.5,0.456,0.018,0.627,0.586,1.192,0.456,2.2533,37.63,40.77,-39.47
yaolong_on,主板妖龙（红灯空仓/只做隔夜）,主板妖龙优化.py,沪深主板(不含002),1.0,True,614,298,48.5,2.28,1401.0,45.6,-0.052,0.037,-1.027,-2.041,-2.656,-0.052,2.6128,45.88,44.07,-37.29
dragon_obs,龙头盯盘（仅观察不下单）,龙头盯盘.py,全市场,1.0,False,614,614,100.0,3.0,1842.0,50.9,0.204,3.038,-1.659,-2.905,-4.757,0.204,1.0,0.0,0.0,0.0
sh000300,基准·沪深300,-,指数,,True,614,614,100.0,,,52.5,0.07,0.07,,,,,1.4687,16.31,18.47,-15.66
sz399006,基准·创业板指,-,指数,,True,614,614,100.0,,,50.1,0.163,0.163,,,,,2.3319,39.5,34.83,-29.14
sh000001,基准·上证指数,-,指数,,True,614,614,100.0,,,55.0,0.065,0.065,,,,,1.4402,15.42,16.34,-14.73
